RestaurantID,RestaurantName,CuisineType,Segment,Subregion,GrowthFactor,AOV,MonthlyOrders,InStoreShare,UE_share,DD_share,SD_share,InStoreOrdersCount,UberEatsOrdersCount,DoorDashOrdersCount,SelfDeliveryOrdersCount,InStoreRevenue,UberEatsRevenue,DoorDashRevenue,SelfDeliveryRevenue,COGSRate,OPEXRate,CommissionRate,DeliveryRadiusKM,DeliveryCostOrder,SD_DeliveryTotalCost,InStoreNetProfit,UberEatsNetProfit,DoorDashNetProfit,SelfDeliveryNetProfit,InStore_NetProfitPerOrder,InStore_MarginPct,UberEats_NetProfitPerOrder,UberEats_MarginPct,DoorDash_NetProfitPerOrder,DoorDash_MarginPct,SelfDelivery_NetProfitPerOrder,SelfDelivery_MarginPct,TotalRevenue,TotalNetProfit,BlendedMarginPct
SKY-1000,Restaurant 1,Burgers,Cafe,Albany,0.9975740875465919,39.85869162165702,2803,0.400377378470602,0.3607550740036723,0.1833039066656861,0.055563640860039634,1122,1011,514,156,43255.17613754082,43085.05930057264,22841.23681935324,6485.427370042952,0.3266094327983618,0.3815928505162856,0.2593783810148306,10.037340570408642,3.2053282873486917,500.0312128263959,12621.761631757161,1396.7889998496134,562.7620327790945,1392.4016854808292,11.249341917787131,29.179771668535263,1.3815914934219717,3.2419335670522074,1.094867768052713,2.4637984240077127,8.925651830005316,21.46969823318841,115666.89962750964,15973.714349866697,13.81009986548268
SKY-1001,Restaurant 2,Mexican,QSR,Manukau,1.0404579334472086,39.248594121583864,3521,0.4474256714670739,0.23424179338891138,0.19120694775588212,0.1271255873881326,1575,825,673,448,59133.07143801263,35513.78980415031,26951.986739997134,18168.633296965374,0.25427925617663,0.36608381975683124,0.2831309584832412,7.289611008629631,2.753885968405455,1233.7409138456437,22449.09735133401,3427.292576571791,2372.0992495699643,5663.743145507187,14.253395143704134,37.96369240665387,4.154294032208232,9.650596558329749,3.5246645610252068,8.801203682880027,12.642283806935685,31.17319312318983,139767.48127912544,33912.232322982956,24.263320775780354
SKY-1002,Restaurant 3,Indian,QSR,CBD,1.0334277747295753,36.668558800017365,3505,0.14464461311841292,0.4567531565831097,0.33721997838969614,0.06138225190878121,507,1601,1182,215,19551.569019656385,66356.45673830307,47620.98001652814,8544.73317137858,0.2764992684205872,0.21185502856956717,0.24489691035155886,13.923154367777256,5.31,1141.6499999999999,10003.47627600761,17700.504720024186,12352.971998394454,3230.226010501542,19.730722437884832,51.16457030098457,11.055905509071946,26.674879265828682,10.450906936035917,25.940188534774006,15.024307025588568,37.80370838637185,142073.73894586618,43287.17900492779,30.46810714358784
SKY-1003,Restaurant 4,Seafood,Cafe,CBD,1.0092077965007282,41.10805979247821,2666,0.2387307664621239,0.36060983980734124,0.24326915889542544,0.15739023483510942,636,961,649,420,26358.74350132909,44467.05428340183,28187.077991076647,18356.830911403387,0.33515315423506836,0.385085557851123,0.23466299375649458,10.133016134526727,3.185123841342272,1337.7520133637543,7374.156029721562,2005.3882943821116,1072.7552114777143,3797.778644426472,11.594584952392394,27.976128791380873,2.086772418711875,4.5098294157314145,1.652935610905569,3.8058404344619294,9.042330105777314,20.68863990062286,117369.70668721094,14250.078180007858,12.141189223539742
SKY-1004,Restaurant 5,Seafood,QSR,South Auckland,0.9974624481593866,36.67500639016328,3700,0.41162547896977963,0.2585930639871175,0.1818283831586705,0.14795307388443235,1523,957,673,547,56492.27001292368,37922.26850893134,26498.70606438687,21450.92066401528,0.3473689987927002,0.3050173108447681,0.31208299544094975,13.325240125479496,2.5193751529336352,1378.0982086546985,19637.486456148985,1347.4045531251538,693.4235740739093,6078.5354850375425,12.893950397996708,34.76136903625317,1.4079462415100876,3.553069492158195,1.030347064002837,2.616820505835343,11.1124963163392,28.33694450809523,142364.16525025718,27756.85006838559,19.497076402332535
SKY-1005,Restaurant 6,Sushi,Cafe,East Auckland,0.99,39.43132391360884,1030,0.4254421603305631,0.33691211748382516,0.20640151755472588,0.031244204630885803,438,347,213,32,17110.806858901833,13472.838163082184,9057.417010881933,1278.7313784465073,0.2968177983723992,0.40399822714333605,0.2674451765950203,6.3552364925118265,4.320027917787105,138.24089336918735,5119.279202678868,427.61168745256475,214.80065314788408,244.3350427321812,11.687852060910659,29.918397448426475,1.2323103384800136,3.1738797889244443,1.008453770647343,2.37154425913938,7.635470085380662,19.10761297099134,40919.79341131246,6006.026586011499,14.677558426653997
SKY-1006,Restaurant 7,Burgers,QSR,CBD,1.0118475673810106,29.79,3063,0.3625401670234684,0.2717708753559369,0.10066026701347583,0.26502869060711876,1110,832,308,813,32895.41067611853,27280.36736147966,10090.778549487617,24175.420739054378,0.30200962264335596,0.28027041265899344,0.35,9.196501690854586,1.0589638327071544,860.9375959909165,13741.069786342952,1847.425514658343,577.3939923734915,9237.618301677729,12.379342149858516,41.77199646976506,2.2204633589643548,6.771996469765062,1.874655819394453,5.721996469765061,11.362384134904955,38.21078607643317,94441.97732614019,25403.507595052517,26.898534226285403
SKY-1007,Restaurant 8,Indian,QSR,Manukau,1.05,34.35120852512434,1883,0.22062435070133057,0.2119326503030849,0.3099604334565737,0.25748256553901083,415,399,584,485,14668.26338407885,13585.806473383847,21331.148869288936,16948.41191056496,0.33412588646898295,0.3721004576971658,0.27185239859176563,5.566194946593026,2.9943201563810975,1452.2452758448323,4309.149359074663,297.81795854423984,293.6378820878807,3526.751651699824,10.383492431505212,29.377365583385135,0.746410923669774,2.192125724208566,0.5028045926162341,1.3765685284332694,7.27165289010273,20.808744030473964,66533.63063731659,8427.356851406606,12.666311413764895
SKY-1008,Restaurant 9,Asian Fusion,QSR,East Auckland,1.0265232640719548,31.663993772833674,3323,0.337908966023467,0.24475915898826886,0.23169457973614965,0.1856372952521145,1123,813,770,617,35524.16906376308,29315.866682092255,27219.413625035002,19832.999870932985,0.30593092921548687,0.3501785669779446,0.23295687838598034,7.552381650394537,4.8944284946810726,3019.862381218222,12216.424396647204,3252.115373391126,2829.31974636014,3800.517936392532,10.878383256141767,34.38905038065686,4.000141910690192,11.093362542058827,3.674441229039143,10.394491906900885,6.159672506308804,19.162597494706425,111892.44924182331,22098.377452791,19.749659250939906
SKY-1009,Restaurant 10,Burgers,Cafe,CBD,1.0116064157092577,32.62466797791191,2397,0.6003158469361207,0.20188812880494086,0.14147594092838425,0.05632008333055416,1439,484,339,135,47694.33023313039,17160.608442568035,11860.229491383934,4719.010630661936,0.2417922813297731,0.39121713194652313,0.3190776350574376,8.082635220393799,2.783800715640246,375.8130966114332,17503.370235650607,822.2154028724827,454.72858305102625,1356.0193834905865,12.163565139437532,36.69905867237038,1.6987921546952123,4.791295166626624,1.3413822508879831,3.8340622614543127,10.044588025856196,28.73524748344077,81434.1787977443,20136.333605064705,24.727127972981382
SKY-1010,Restaurant 11,Italian,QSR,CBD,1.0269762031425047,41.06362980106346,3980,0.41417796578162763,0.2867897103223851,0.2613196446182672,0.03771267927772016,1648,1141,1040,151,67274.93675868495,52475.42286165309,46334.8064034135,6690.700208266432,0.26341616889119185,0.3787288094355943,0.2952320065658408,6.459496227595013,1.1666989553519211,176.17154225814008,24074.673951843302,3286.169198631094,2491.2397453485855,2218.129125780021,14.60841866009909,35.78550216732139,2.880078175837944,6.262301510737311,2.3954228320659476,5.376605491039788,14.689596859470337,33.152421371973865,172775.866232018,32070.212021603005,18.5617428643283
SKY-1011,Restaurant 12,Kebab & Grill,QSR,South Auckland,0.9965856247050834,41.261780431719956,4072,0.35527358906285306,0.18909450078134213,0.09975106903696847,0.3558808411188363,1447,770,406,1449,59092.940960930726,33166.83708639235,17199.057801548835,61808.85346465279,0.3105803974418249,0.3521385077484982,0.29907491454785695,4.7457399940400675,2.504082035589402,3628.4148695690437,19930.93182282632,1267.1781564371224,502.7961004303801,17218.54289591994,13.773968087647766,33.728109480967696,1.6456859174508083,3.820618026181999,1.2384140404689163,2.923393282538428,11.883052378136606,27.857728999562937,171267.6893135247,38919.44897561376,22.724338216747554
SKY-1012,Restaurant 13,Mexican,QSR,Manukau,1.0155401495595355,39.70872652124157,3432,0.3004851480905556,0.26411284833969584,0.10675758745148166,0.32864441611826695,1031,906,366,1129,39211.737852225815,36620.06777532098,16660.303209700134,49190.38826736409,0.3546967087423962,0.26246093801690284,0.31762402715471677,4.052689367215715,4.354518040959037,4916.250868242752,15011.913994003598,2388.2995214617245,927.8057094490835,13915.913132858683,14.560537336569931,38.284235324070096,2.636092187043846,6.521832608598416,2.534988277183288,5.568960527134265,12.325875228395645,28.289903013616485,141682.49710461101,32243.93235777309,22.75787977816755
SKY-1013,Restaurant 14,Mexican,QSR,Waitakere,1.0214921620952362,35.071896350794674,2975,0.3044884433317545,0.2725208083876298,0.2624724187021572,0.16051832957845852,906,811,781,477,29889.840606670823,31015.441265532485,29549.381930510805,18314.207445051157,0.3727192090872921,0.26659544255772777,0.24388814824616822,3.0,3.276069596320771,1562.6851974450078,10780.827571491895,3622.516699953498,3235.082753204047,5042.981094718638,11.89936818045463,36.068534835498006,4.466728359991983,11.679720010881184,4.142231438161392,10.948055566142678,10.57228741031161,27.535895887656043,108768.87124776527,22681.408119368076,20.852848668165322
SKY-1014,Restaurant 15,Mexican,QSR,South Auckland,1.0187084902226844,39.67262550800116,3615,0.14837218997199839,0.35210810750586874,0.2974636423350621,0.2020560601870708,536,1273,1075,731,21097.66756693008,54475.62913320826,46423.27539965438,30443.066269700004,0.3350788239347152,0.32912791426354465,0.2649098676405885,5.302787377737897,2.0611438904874824,1506.6961839463497,7084.4546087082335,3861.4174920259165,2921.699816158444,8715.88033800275,13.217266061022825,33.579326180174014,3.033320889258379,7.088339416115163,2.717860294100878,6.293609813193396,11.923228916556429,28.630100072007753,152439.63836949272,22583.452254895343,14.814685010047162
SKY-1015,Restaurant 16,Mexican,Cafe,West Auckland,1.0318620918253512,38.050623358527666,2057,0.44318763788290444,0.17395299341886905,0.20435998931264004,0.17849937938558638,912,358,420,367,34760.985234739535,14444.059828411633,15912.103979655149,14064.067028032929,0.3129280842466364,0.36942040812492893,0.26314200674048827,11.196228638351457,2.2147571928209757,812.815889765298,11041.87936646477,787.3384920423545,741.7465568280139,3654.65620507672,12.107323866737685,31.765150762843465,2.1992695308445653,5.450950088794637,1.7660632305428903,4.661524068573169,9.958191294486976,25.98577067211176,79181.21607083925,16225.620620411857,20.49175476908015
SKY-1016,Restaurant 17,Italian,Cafe,Albany,1.025169678393541,38.85174856297068,2399,0.4960934797633668,0.19509390425551257,0.1530803974470936,0.15573221853402705,1190,468,367,374,44449.708881178965,19698.802343855048,14644.884335708839,16027.419937691713,0.3336966248692115,0.3274226436960618,0.21837013852337528,3.4052551379535094,2.3402997288501863,875.2720985899697,15063.149857714598,2373.914350101492,1668.9235317830094,4556.111692906521,12.658109124129913,33.888073143472674,5.072466560045923,12.051059291135147,4.547475563441442,11.39594887556502,12.182116825953266,28.426981451904837,94820.81549843456,23662.09943250562,24.954541160739403
SKY-1017,Restaurant 18,Pizza,QSR,South Auckland,1.03002489027162,29.79,3941,0.19819426055464462,0.30239217586029443,0.33390026770859305,0.16551329587646782,781,1192,1316,652,23241.927244045586,42281.28491786321,43497.04025852153,20152.597404383483,0.2699962117406915,0.4137648351405626,0.25945639399367026,4.2115700381134324,3.261197884053996,2126.3010204032053,7350.002740119034,2400.839560732734,2131.305703799087,4246.735285382582,9.411015032162656,31.623895311874584,2.0141271482657164,5.678255912507558,1.6195332095737744,4.899886730526549,6.513397676967151,21.072892988269867,129172.84982481382,16128.883290033438,12.486279672475813
SKY-1018,Restaurant 19,Sushi,Cafe,West Auckland,1.0096744157665387,39.667363478895126,2037,0.36047247969238655,0.33698846433348617,0.28336123155030635,0.019177824423820808,734,686,577,40,29162.796331947564,30297.114324598217,24524.008196271418,1658.1697458503795,0.29310460678838035,0.35045453565518214,0.323455178315073,15.268144999315203,4.238196132938653,169.52784531754614,10394.81213330312,999.3708950501473,570.9685447510444,421.51160086750315,14.161869391421144,35.64408575564375,1.4568088849127512,3.298567924136453,0.9895468713189678,2.3282023891912305,10.537790021687579,25.420292579957437,85642.08859866757,12386.663173971814,14.463289460416695
SKY-1019,Restaurant 20,Seafood,Cafe,South Auckland,1.0334672311261583,38.253620899382554,2924,0.31582818309899197,0.36323511734880565,0.2725728404554262,0.04836385909677617,923,1062,797,142,33024.35621338003,45580.82276095261,29983.520945997563,5575.505161999968,0.26291411753972355,0.3024491092654343,0.2794935241517539,6.772263825531111,3.952423012799171,561.2440678174823,14353.599621420532,7071.556937191335,4400.3348592433085,1862.075504725369,15.551028842275766,43.46367731948421,6.658716513362839,15.514324904308824,5.521122784495995,14.675844331853561,13.11320777975612,33.39743127522154,114164.20508233017,27687.566922580547,24.252406349795454
SKY-1020,Restaurant 21,Italian,QSR,CBD,1.04443405421436,29.79,3740,0.25311839246721124,0.3252064084565082,0.24192776480612463,0.1797474342701559,947,1216,905,672,27436.628977956538,40345.46360316957,29697.2367828363,20107.130969307826,0.24380658251815296,0.35053325949084635,0.2161575468862005,10.123661032076924,3.3560121821091284,2255.2401863773343,11129.947245938316,7645.5706990343115,5435.125457376696,5901.42173937782,11.752848200568444,40.566015799100064,6.287475903811111,18.950261110480014,6.0056634888140294,18.30178846982141,8.781877588359851,29.34989456420183,117586.46033327022,30112.065141727144,25.608445952350138
SKY-1021,Restaurant 22,Cafe Fare,QSR,West Auckland,1.0054477572052287,33.78497213037029,2679,0.344813346413971,0.2691480699208036,0.09122233308812339,0.29481625057710203,924,721,244,790,31598.724797045918,27749.20875615061,8558.837527752268,26189.806128072858,0.3150097055236292,0.38581018854215865,0.20776642353340263,11.24811001275173,1.5683552399425167,1239.0006395545881,9453.709832166214,2536.657356108515,729.047683599739,6596.468332238729,10.231287697149583,29.91801059342122,3.518248760205985,9.141368240080954,2.9879003426218813,8.518068969480746,8.34995991422624,25.18715984372245,94096.57720902165,19315.883204113197,20.527721386938246
SKY-1022,Restaurant 23,Pizza,Cafe,East Auckland,1.0066845651642817,37.66513583180141,3033,0.2324038060510373,0.3561588242132483,0.32770494643584014,0.08373242329987422,705,1080,994,254,26862.258566331704,43623.34237790153,41799.03376977629,10191.806926452227,0.3083480987963135,0.3927419303177209,0.33659104234993087,11.31884145423448,1.5720674860065587,399.3051414456659,8029.396925993491,-1643.7742816387295,-1997.1077889773055,2647.1275702155526,11.389215497863107,29.890997088596567,-1.5220132237395643,-3.7681071463965212,-2.00916276557073,-4.777880273446317,10.421762087462806,25.973093773441597,122476.44164046174,7035.642425593009,5.744486312107789
SKY-1023,Restaurant 24,Kebab & Grill,QSR,Albany,1.0400367650448035,41.549756899907486,3754,0.3952843394521357,0.22274247169734482,0.2855303269319558,0.09644286191856373,1484,836,1072,362,59525.77694306841,34659.51010024606,47057.3270096298,15171.32669164829,0.33094436180290554,0.501486539239519,0.2663872395897948,3.6719001928717914,3.433252021213763,1242.8372316793823,9974.680807099594,-3424.9883433299433,-5026.181701551021,1299.4083120311354,6.721483023652017,16.756909895757545,-4.096876008767874,-9.881814063221938,-4.688602333536401,-10.680975781991325,3.5895257238429155,8.564895730222794,156413.94074459255,2822.919074249764,1.8047746005321181
SKY-1024,Restaurant 25,Mexican,Cafe,Manukau,1.017129840199574,41.75569597975632,2466,0.4878469562940314,0.17173351551751503,0.21226482055147708,0.12815470763697648,1203,423,523,317,50470.877623932196,18942.434846002194,23327.33999672202,15385.924062639026,0.3245750323901601,0.32317634619976066,0.24410359177193533,8.191291120351785,1.5545289020671056,492.7856619552725,17778.29706438693,2048.530177839516,2351.907250934012,4926.884878229489,14.77830179915788,35.224862141007925,4.842860940518951,10.814502963814384,4.496954590696008,10.08219218849858,15.542223590629304,32.022027784429476,108126.57652929543,27105.619371389945,25.068415408533763
SKY-1025,Restaurant 26,Indian,QSR,Waitakere,1.0410573208809983,34.04807084418416,2804,0.31740076707667786,0.24299022721640165,0.17886540690637584,0.26074359880054465,890,681,502,731,31232.236581530036,25794.535216810447,18923.693328207668,24803.44788991389,0.31091899220957375,0.36485649368867196,0.2590403294041199,3.3362045566856278,2.674432978931396,1955.0105075988504,10126.256729957611,1681.3957477622064,1086.465528468836,6086.875332556663,11.37781655051417,32.42245141017543,2.4690099086082324,6.5184184697634375,2.164273961093299,5.741297481551077,8.326778840706789,24.540440343504983,100753.91301646204,18980.993338745317,18.83896393745426
SKY-1026,Restaurant 27,Seafood,Cafe,East Auckland,1.0133619643216172,39.04490670116455,1842,0.19673623410139124,0.31047645338100166,0.3352657802744064,0.15752153224320078,362,572,618,290,14463.756675077608,23254.012838866463,24711.28615720694,11206.449036560636,0.3250477499554899,0.39982867627735985,0.21090768982730673,17.562112506186132,3.2041504461861767,929.2036293939913,3979.3204265458257,1493.2769895962797,1430.5030755931214,2153.9546787840086,10.992597863386258,27.512357376715023,2.6106241076858034,6.421588393984351,2.31472989578175,5.788865324502429,7.427429926841409,19.220670809788267,73635.50470771165,9057.055170519236,12.299848023681319
SKY-1027,Restaurant 28,Sushi,QSR,CBD,1.0418256836440607,34.18569198803763,2951,0.2503223236597849,0.25013192088199776,0.3268991779077013,0.17264657755051604,739,738,965,509,25191.009586918324,27069.38219251643,33658.415745236474,18451.605011051415,0.29807926066976353,0.3683603928559429,0.32692380598046483,3.4179365759454,1.7624060046373111,897.0646563603914,8402.721885849727,179.64705106356146,-106.73668230978139,5257.65910413273,11.370394974086235,33.356034647429354,0.2434241884330101,0.6636540493828724,-0.11060796094277864,-0.3171173685585227,10.32938920261833,28.494318521254407,104370.41253572264,13733.291358736236,13.158222742518882
SKY-1028,Restaurant 29,Italian,QSR,South Auckland,1.0219722872520818,33.1477612638587,3653,0.45096117406924263,0.25543193589669894,0.2771700385099194,0.016436851524139057,1647,933,1013,60,53827.89674261017,32545.239485309332,35329.47676976432,2190.084266300965,0.31858011278500803,0.33495672978079427,0.2542778824965588,5.33255923395563,1.8757376656411364,112.54425993846819,18649.383063486683,3000.1918498645405,2987.3523931418376,646.2392500111223,11.323244118692582,34.64631574341976,3.2156397104657453,9.218527493763883,2.94901519559905,8.45569384627421,10.770654166852038,29.50750617019022,123892.69726398478,25283.166556504184,20.407309805058155
SKY-1029,Restaurant 30,Seafood,QSR,Albany,1.0238734323498404,29.79,2679,0.1,0.4706744106405337,0.23615010681948376,0.1931754825399825,268,1261,633,517,7832.984695605867,42827.365769241806,20612.416415382137,16057.278123205402,0.2673235018791138,0.2615519976559029,0.3246960611095369,5.357897008054733,2.8058789354321814,1450.6394096184379,3690.311001867173,6271.144331294943,2817.4608544482653,6114.337725004011,13.769817171146169,47.112450046498324,4.973151729813595,14.642843935544636,4.45096501492617,13.668755752216022,11.826572001941994,38.078294951918345,87330.04500343521,18893.253912614393,21.63431143528119
SKY-1030,Restaurant 31,Seafood,Cafe,CBD,1.0434707703250485,37.365582114050895,2684,0.3887228929025833,0.17805901239472005,0.20010433715118703,0.23311375755150976,1043,478,537,626,39519.26256282335,19825.042633628032,20201.057660800965,24861.898144893592,0.31663676665376084,0.3342415808662889,0.2720660685778926,3.7616883314699185,3.4036502875240537,2130.6850799900576,13797.030250721922,1527.6302360173945,1391.72362332547,6549.141884143403,13.228216923031566,34.91216524799503,3.1958791548481056,7.705558390205764,2.5916641030269463,6.889360184472087,10.461887993839303,26.342083158636616,104407.26100214595,23265.52599420819,22.283436775273703
SKY-1031,Restaurant 32,Asian Fusion,QSR,Albany,1.0145734428383375,30.866387322059445,2493,0.23379992993794665,0.34671539355735337,0.3254260143158716,0.09405866218882836,583,864,811,235,18100.431296266892,29497.069308042657,24864.3861315331,7008.850764353017,0.3300787958378704,0.2948408311097539,0.32718127898273763,13.734078684147908,3.9615187704137567,930.9569110472328,6789.116523012683,1412.8828975645702,946.92672062904,1697.9254483147258,11.645139833640965,37.50803730523757,1.6352811314404747,4.78990940696381,1.1676038478779778,3.8083655700155985,7.225214673679685,24.225447300866595,79470.73750019567,10846.851589521018,13.648862374649928
SKY-1032,Restaurant 33,Burgers,Cafe,Manukau,1.0058831685611256,32.74867473652279,2267,0.49241132714263525,0.21725121094250732,0.18057010569707174,0.1097673562177857,1116,493,409,249,37237.615689987084,17838.136907716704,14639.184021423709,8259.60826157856,0.26986433573675084,0.2491375323213355,0.2802677799617234,17.478567653792236,3.507053434770552,873.2563052578674,17911.22358485468,3580.6555001567963,2815.441813139091,3099.5998391334165,16.04948349897373,48.09981319419136,7.262992900926564,20.073035198019024,6.883720814521006,19.23223185813385,12.4481921250338,37.52720154479853,77974.54488070605,27406.92073728399,35.148548515690706
SKY-1033,Restaurant 34,Italian,Cafe,West Auckland,1.0132715368795746,40.147131621099646,2471,0.3592397443070885,0.31022463432840136,0.15267217749420675,0.17786344387030337,888,767,377,439,35791.69450560097,33210.39752386557,15678.542365260057,17572.69289761701,0.3023324444546781,0.3143024810830589,0.30412930651476305,7.334878082405839,2.9736565949921943,1305.4352452015733,13721.285629270285,2631.4513516452384,1099.2522181075262,5431.321475995852,15.451898231160232,38.3365074462263,3.4308361820668036,7.923576794749993,2.9157883769430404,7.011188875205704,12.372030697029276,30.90773569901959,102253.3272923436,22883.310675018904,22.379037710523804
SKY-1034,Restaurant 35,Sushi,QSR,Waitakere,1.026785009259647,35.643311571719586,4889,0.376355861866205,0.2798329434719602,0.24413274991999964,0.0996784447418351,1840,1368,1194,487,67194.62020590714,53046.168418894005,44443.90488250514,16736.83402042645,0.2719378870666788,0.2967035795463482,0.2987637218435335,4.378518986044565,2.1538052464429507,1048.903155017717,28984.97282351476,7033.646704604799,5494.684399071601,6170.67302157463,15.752702621475413,43.135853338697295,5.141554608629239,13.259481154343945,4.601913232053267,12.363189988813343,12.670786491939692,36.868818882015795,181421.52752773272,47683.97694876579,26.283527428395537
SKY-1035,Restaurant 36,Burgers,Cafe,Waitakere,0.9965136139172923,30.495828452254074,1505,0.47089143772521835,0.16118767051082347,0.21580547930732547,0.1521154124566327,709,243,325,228,21682.89946643257,7652.013454470465,9769.688272484462,7263.705614038251,0.27630719865677483,0.4108650581705064,0.2949316426500789,3.0,1.8290930041554807,417.0332049474496,6783.012505525047,136.941201981796,88.39761708774573,1855.2554293631433,9.56701340694647,31.282774317271873,0.5635440410773499,1.7896100522639842,0.27199266796229454,0.9048151243137459,8.137085216505014,25.54144575707434,46368.306807425746,8863.606753957733,19.11565757785715
SKY-1036,Restaurant 37,Sushi,QSR,CBD,1.0295620635397669,33.484724522520466,4257,0.5052603255757018,0.160177446419603,0.17751075951772619,0.15705146848696905,2151,682,756,668,73721.17371497258,22666.274221992346,26145.79927996861,21255.823393852155,0.24937817902040305,0.41207642861900057,0.28391737908730846,8.145619485172645,2.389122911670852,1595.9341049961292,24957.96368061908,1238.2135290549818,1205.5956659355018,5600.126965823092,11.602958475415658,33.85453923605964,1.8155623593181551,5.462801327328792,1.5947032618194468,4.611049190066868,8.383423601531575,26.346318663161377,143789.07061078568,33001.899841432656,22.95160522371244
SKY-1037,Restaurant 38,Sushi,QSR,CBD,1.0119184302357338,38.18194582077968,3397,0.32173522506921665,0.3072148462060325,0.25228634334696387,0.11876358537778693,1093,1044,857,403,42823.12470210841,43290.20862102181,34675.338561222554,15189.014814770517,0.356959871632495,0.30672844972933877,0.26068597135537663,7.892721018934947,3.309935584980567,1333.9040407471684,14401.916953097603,3273.852645384291,2351.165774515378,3774.33902846828,13.176502244371092,33.63116786381662,3.1358741814025777,7.562570728278962,2.7434839842653185,6.78051281421283,9.365605529697966,24.84913652726136,135977.6866991233,23801.27440146555,17.5038088816222
SKY-1038,Restaurant 39,Asian Fusion,Cafe,Manukau,1.0372171899110034,42.448739703364545,2667,0.453843993266035,0.3019576909235146,0.17702522413856894,0.0671730916718815,1210,805,472,180,50123.28860422767,37347.78019147365,21983.588226863023,7782.221035837007,0.3479558328624021,0.3517839958605815,0.34661738766291444,6.720463557739494,3.2366237066273427,582.5922671929217,15050.027221272721,-1731.3391278691035,-1247.6947740507462,1754.0987539430976,12.438039025845224,30.026017127701632,-2.1507318358622403,-4.635721638589812,-2.6434211314634455,-5.675573801578559,9.744993077461654,22.539821804925612,117236.87805840134,13825.09207329597,11.79244304544601
SKY-1039,Restaurant 40,Indian,QSR,Albany,0.99,38.308514740118,3377,0.20634500687853075,0.1814146606311833,0.39510359344824847,0.2171367390420375,697,613,1334,733,25252.65526171281,26497.661274972146,52593.26794139278,28269.64200716911,0.3241845234402302,0.2399230136521225,0.233722520596164,9.7748133889168,0.89,652.37,11007.442096985755,5357.030651350343,10264.011011194209,11670.153880022428,15.792599852203379,43.58924629076473,8.73903858295325,20.216994231148327,7.694161177806753,19.515826669359836,15.921083055965113,41.281576459521155,132613.22648524685,38298.63763955273,28.87995311976927
SKY-1040,Restaurant 41,Pizza,Cafe,CBD,1.0082015133734374,38.16343546898613,2689,0.527137220696437,0.22913637382701238,0.12291159182750987,0.12081481364904076,1417,616,331,325,56581.6391847659,26866.971347950068,14227.468414595744,13095.909222330693,0.3887488178374716,0.3353962034872114,0.2701723056937264,10.383105999854202,2.1143229717324967,687.1549658130614,15608.326870728079,152.67621217616426,-34.465988016623044,2925.4167934468587,11.015050720344446,27.5854978675317,0.24785099379247444,0.5682672981590586,-0.1041268520139669,-0.24224961892211905,9.00128244137495,22.338401586187988,110771.98816964241,18651.95388833448,16.838150327111432
SKY-1041,Restaurant 42,Mexican,QSR,Manukau,0.9947029777314885,30.450809622529565,3200,0.27155420367357713,0.4144581232438096,0.21217289464119768,0.10181477844141554,869,1326,679,326,26665.502764427332,46143.71717687234,21350.50777254963,10445.381836216846,0.2914839436544224,0.3979287330491642,0.27059543500830385,10.130791402782652,4.104507551606156,1338.0694618236068,8281.9671279566,1845.374382535604,680.5266235833833,1906.1337234959599,9.530456994196317,31.058732329641348,1.391685054702567,3.9991888288109623,1.0022483410653658,3.187402523786048,5.847035961644049,18.248578686581858,104605.10955006615,12714.001857571546,12.154283774719785
SKY-1042,Restaurant 43,Mexican,Cafe,North Shore,1.0076065580045408,33.44846492509615,3345,0.3695321252321029,0.27406275374993105,0.2213563575054573,0.13504876351250875,1236,917,740,452,39215.87880412889,31901.556862783505,25560.664071133524,16263.977615732787,0.4,0.4277456522729872,0.2860976301337409,7.8935629481102945,2.9792150478041393,1346.605201607471,6755.105623946808,-3631.777947144159,-3129.2952608154424,1454.9356540373165,5.465295812254699,17.225434772701277,-3.960499397103772,-11.384328240672815,-4.228777379480327,-12.242621131074038,3.2188841903480454,8.945755389074685,112942.0773537787,1448.968070024523,1.282930245284748
SKY-1043,Restaurant 44,Cafe Fare,QSR,Manukau,1.0237149885166341,35.4473405999515,3003,0.33799769846357103,0.3343245675594522,0.2898877644660206,0.037789969510956076,1015,1004,871,113,35208.57427232668,37934.78811493864,34625.72573123967,4286.319878313989,0.28976117630865506,0.320086704281608,0.25282109416422,5.144323596490083,1.482991086897014,167.57799281936258,13736.699873743391,5209.623344295974,4492.562998573154,1504.7387921729257,13.533694456890041,39.01521194097369,5.188867872804755,13.733102524551693,5.157936852552416,12.974639242059032,13.316272497105537,35.10561122108344,112055.40799681898,24943.625008785442,22.260081378217407
SKY-1044,Restaurant 45,Burgers,Cafe,East Auckland,1.0173116006182537,39.59297614433368,3136,0.27934040891941353,0.27362946835214247,0.14432122323266822,0.3027088994957758,876,858,453,949,35486.58493811049,37341.12851778382,19163.462027222704,40791.267603534165,0.3114837008290207,0.44362984023692636,0.2825898522235835,11.330415842323506,5.255821181598151,4987.774301336645,8690.184125156375,-1407.8872543809123,-884.9895426723178,5001.4547775241845,9.920301512735588,24.488645893405288,-1.6408942358751892,-3.770339328953065,-1.9536192994973904,-4.618108885623817,5.270236857243608,12.2610918251799,132782.44308665118,11398.76210562733,8.584540124923537
SKY-1045,Restaurant 46,Kebab & Grill,Cafe,CBD,1.0161993364657798,43.40679066874127,1981,0.4405893026036044,0.24505734095007453,0.12249434223048697,0.19185901421583407,873,485,243,380,37576.184962554056,24868.572965281932,10947.814176012365,17153.097944154848,0.28209999387269064,0.26390156549405697,0.26324629659188137,9.043798157975356,2.8710582676852354,1091.0021417203895,17059.529377946208,4743.733612376803,2001.8598805125332,6696.477576955358,19.541270765115932,45.39984406332523,9.780894046137737,19.075214404137096,8.238106504166803,18.285475514361455,17.622309413040416,39.03946446733416,90545.6700480032,30501.6004477909,33.68642634332524
SKY-1046,Restaurant 47,Seafood,Cafe,Manukau,1.017612226929299,42.61991453143675,2361,0.507071964563251,0.14191824432728645,0.07207946139574888,0.27893032971371373,1197,335,170,659,50232.33735403896,16265.179878382301,7635.148625179907,29550.91783505491,0.3167546502027137,0.2826660540599345,0.20672189930248405,12.109251336921275,3.284333959313408,2164.3760791875357,20122.034320521998,3153.1254237679927,1432.779461113019,9673.109775571109,16.81038790352715,40.05792957373519,9.412314697814903,19.38573964348678,8.428114477135406,18.765573945579327,14.678467034250545,32.73370333051496,103683.58369265607,34381.04898097412,33.159587811787155
SKY-1047,Restaurant 48,Sushi,QSR,Albany,1.0230508236092992,33.44463964256908,2603,0.3663640441147562,0.1365901588330429,0.22384427159045928,0.27320152546174165,954,356,583,710,33247.090144190304,13391.909815902252,21723.419723790135,25181.371828768046,0.337602671754881,0.4196763305946513,0.27038209145027386,11.76526442315281,3.2995247560451344,2342.6625767920455,8069.766888772901,-370.43487357621746,-777.102260383434,3769.385115693916,8.458875145464257,24.272099765046768,-1.040547397686004,-2.766109379980619,-1.3329369817897667,-3.5772556543314407,5.308993120695656,14.96894268241432,93543.79151265073,10691.614870507166,11.429529098209844
SKY-1048,Restaurant 49,Indian,QSR,Waitakere,1.0048719593708535,29.79,3596,0.19699921922391472,0.4370545187965272,0.19125022883530052,0.17469603314425758,708,1572,688,628,20428.659949911966,49849.86786304726,22927.274768547784,19562.4500197438,0.2948737623126112,0.48697848599942734,0.22597738667879394,4.023832758335096,2.532404533839814,1590.350047251403,4456.466238071199,-390.30626970889006,-334.9435618481446,2677.154442063824,6.294443839083614,21.814775168796146,-0.2482864311125255,-0.7829634990832474,-0.48683657245369855,-1.4608956591196294,4.262984780356407,13.685169492378774,112768.2526012508,6408.370848577988,5.68277924039315
SKY-1049,Restaurant 50,Mexican,QSR,CBD,1.0306027446134858,32.65975229255423,4239,0.3288571635103306,0.23590704744825938,0.20909118761040038,0.22614460143100965,1394,1000,886,959,44437.55222405141,34118.72922882251,29727.32620557267,32075.91435469494,0.37995239312029294,0.4045402391728587,0.200624569502044,3.980222273898389,2.172426318178606,2083.356839133283,9576.619907140925,507.78216211692603,263.50483641273553,4829.239030237336,6.869885155768238,21.550736770684836,0.5077821621169261,1.488279820480437,0.2974095219105367,0.8864061119743055,5.035702846962812,15.055655083860398,140359.52201314154,15177.145935907924,10.813050456588847
SKY-1050,Restaurant 51,Mexican,QSR,North Shore,1.0299399895557824,34.912371018204205,3250,0.40678260126815413,0.2399251251030448,0.24686019449469968,0.10643207913410142,1322,780,802,346,46446.84540683524,30269.511861119714,29632.179455323734,12402.235604911348,0.3107617178085057,0.36717603294261913,0.2754749328275754,6.35560748440815,5.021674985065941,1737.4995448328154,14958.775502240143,1410.1753269922704,1135.5960411882054,2256.792349799417,11.315261348139291,32.206224924887515,1.8079170858875262,4.658731642129976,1.415955163576316,3.8323068436472485,6.522521242194847,18.1966576163552,118750.77232819004,19761.339220220034,16.641019534261105
SKY-1051,Restaurant 52,Pizza,QSR,North Shore,1.0257755690648416,33.151250369364504,3172,0.17098101106306826,0.2581198495190696,0.23697153635360169,0.33392760306426045,542,819,752,1059,18178.44826555783,28127.587362322174,26515.42814634862,35363.374504373875,0.31217184237495893,0.21633713774344537,0.2895153336807827,5.3030710709826625,3.9032058696177505,4133.495015925198,8570.975112592687,5118.537011431895,4594.864541015774,12540.018495596862,15.813607218805695,47.14910198815958,6.2497399406982845,18.197568620081306,6.110192208797572,17.32902261903896,11.841377238523949,35.46046911910475,108184.83827860249,30824.395160637217,28.492342967003232
SKY-1052,Restaurant 53,Cafe Fare,QSR,South Auckland,1.028348001641269,31.572844746073844,2575,0.2432710587564057,0.2338315354995968,0.28235690945518427,0.2405404962888132,626,602,727,620,20058.901469214805,20346.123757604353,23425.160774889046,20688.299031552673,0.2590951037468827,0.22842870607695642,0.29106792168418305,11.643381215916353,3.7219372011086764,2307.601064687379,10279.7094040622,4504.800031694673,4981.974900458436,8294.659604227894,16.421261028853355,51.24761901761609,7.483056531054274,22.14082684919778,6.852785282611329,21.26762308414523,13.378483232625635,40.09348275359578,84518.48503326088,28061.143940443202,33.20119134814141
SKY-1053,Restaurant 54,Seafood,Cafe,North Shore,1.02444627001213,39.06211622287358,2251,0.4988889243673368,0.21678878434670631,0.16038872237832247,0.12393356890763443,1123,488,361,279,45065.94824122621,20499.780407828763,14916.099852426594,11293.279305938797,0.3188324583547673,0.37905866758271084,0.2926868282807878,10.229583865957713,3.4762891917182106,969.8846844893808,13614.822881716738,193.14986951805858,9.567797010692791,2441.915211101368,12.123617882205465,30.21088740625219,0.39579891294684133,0.9422045781734112,0.026503592827403853,0.06414409333104776,8.752384269180531,21.62272927950377,91775.10780742035,16259.455759346858,17.716629430134237
SKY-1054,Restaurant 55,Seafood,QSR,Waitakere,1.05,31.883377486075435,2265,0.36430858907775576,0.23968253932333178,0.26521772354925466,0.13079114804965783,825,543,601,296,26460.487514827597,19800.79059972296,20315.70430816808,9564.631371993426,0.29396877506357855,0.34493561313001775,0.1926964391623756,12.847143978248587,1.8966826096383154,561.4180524529413,9554.765927862378,3334.4367546909953,3303.70488079843,2892.328364519747,11.581534458015003,36.10956118064037,6.140767504034982,16.83991726440281,5.497013112809368,16.261827946915684,9.77137960986401,30.23983101940434,76141.61379471206,19085.23592787155,25.0654471014075
SKY-1055,Restaurant 56,Burgers,QSR,Waitakere,1.0186935874342125,31.36212244835343,2707,0.37707744239140784,0.30385981700113945,0.24761969425341213,0.0714430463540406,1021,823,670,193,32490.839905267036,27509.704853646035,23231.730995931623,6134.665425789981,0.27262921217982206,0.2925915372493517,0.21555932288370122,10.387703860938213,4.177530191740273,806.2633270058727,14126.343024428696,6030.675508710436,4942.623902887891,1860.961909321854,13.835791404925265,43.47792505708262,7.327673765140262,21.9219927687125,7.377050601325211,21.27531480006139,9.64228968560546,30.33518179326319,89366.94118063468,26960.60434534888,30.168431401108638
SKY-1056,Restaurant 57,Italian,Cafe,Waitakere,1.0153937517249814,39.30810190407445,2547,0.587354532686098,0.20436425302898867,0.11587358321904492,0.09240763106586836,1496,521,295,235,58347.63705228927,20119.69620251034,12851.690180845842,9159.662425915065,0.2650586516333236,0.37458728065810354,0.3489408574725469,9.730273536556792,2.0568673419882506,483.3638253672389,21025.808352975884,229.63032264422523,12.14464817198891,2817.3577886486296,14.054684727925057,36.03540677085729,0.4407491797393958,1.141321023602604,0.041168298888098004,0.09449845118496003,11.988756547440977,30.75831463698479,100478.68586156052,24084.94111244073,23.970199158083087
SKY-1057,Restaurant 58,Pizza,Cafe,North Shore,1.0086970862946394,36.31163116345734,3257,0.4621697500655582,0.25927987701791294,0.17916998600872988,0.09938038690779902,1505,844,584,324,54751.79689742933,33717.16697979964,22199.103672815694,12696.208738565703,0.4,0.3780591957255467,0.22811164959691857,13.199054231204595,3.183286798150646,1031.3849226008092,12151.657838886982,-208.06342214407755,-288.90345981368705,1786.421856072805,8.074191255074407,22.19408042744533,-0.2465206423508028,-0.6170845322465285,-0.49469770516042305,-1.3014194810372857,5.51364770392841,14.07051422088243,123364.27628861036,13441.112813002022,10.89546602742319
SKY-1058,Restaurant 59,Mexican,QSR,CBD,1.0045160599413325,35.02523843370908,5126,0.3992099209389861,0.2846904343820483,0.27298359551494555,0.04311604916402001,2046,1459,1399,222,71892.82009934657,53761.117067847335,51520.97628014711,8111.079040844379,0.2881435237419434,0.4361091107978191,0.29443364124546756,10.64404568907267,1.260610094535431,279.8554409868657,19824.255737901625,-1004.595060051835,-1417.820430895678,1956.7532355657218,9.689274554204118,27.574736546023747,-0.6885504181301131,-1.8686275785230078,-1.0134527740498056,-2.7519285022594095,8.814203763809557,24.12445034393377,185285.99248818538,19358.593482519835,10.44795303873509
SKY-1059,Restaurant 60,Indian,Cafe,Albany,1.001332923185984,39.14745689597891,2019,0.6639670974496493,0.19884151922511084,0.12737652139629566,0.009814861928944159,1341,401,257,20,52835.49822287305,16980.74972742394,10931.885249406207,787.2459621754859,0.23443565606484296,0.37956215981088903,0.24252249513336618,9.238353372032016,0.89,17.8,20394.617713322878,2436.3926897231277,1488.9666530531008,286.07866084274843,15.208514327608409,38.6002184124268,6.075792243698572,14.347968899090183,5.793644564408953,13.620401413690084,14.303933042137421,36.33917156617671,81535.37916187868,24606.055716941853,30.178378968581836
SKY-1060,Restaurant 61,Kebab & Grill,QSR,West Auckland,1.0066680403015362,29.79,4233,0.3207575897718558,0.2331435881196052,0.1428472560694358,0.30325156603910325,1358,987,605,1283,41392.40876575786,31652.974203656333,18682.45411377644,40985.519034480254,0.26858003431203425,0.4559876057834069,0.2731869095707026,14.1815856187574,3.2182912026531145,4129.067613003946,11400.808828486834,71.07518149314365,-111.1635342491382,7159.670616576167,8.395293688134634,27.543235990455884,0.07201132876711616,0.22454503338562581,-0.18374137892419537,-0.595015695326484,5.5804135748839965,17.468781133533742,132713.3561176709,18520.391092307007,13.95518253331324
SKY-1061,Restaurant 62,Mexican,Cafe,Manukau,1.018939794275219,35.97878727976527,2558,0.3481905512743354,0.2897335454409949,0.2708671117566534,0.09120879152801632,891,741,693,233,32590.99027660214,28501.222862579605,27016.367210008226,8530.448751130805,0.29767944722357037,0.37055958206841694,0.24466983190905625,9.403133091034766,2.0909007328050917,487.1798707435864,10812.418570500928,2482.2039562649093,2154.5834858084186,2342.8900875065237,12.135149910775452,33.17609707080126,3.349802909939149,8.70911387989564,3.1090670790886272,7.975104384168469,10.055322263976496,27.46502740780135,96639.02910032078,17792.09610008078,18.41088043383677
SKY-1062,Restaurant 63,Cafe Fare,Cafe,Albany,1.0250144269274657,44.038663147649146,2302,0.45850167584224194,0.305009209831182,0.1307929300139227,0.10569618431265332,1055,702,301,244,46522.42032685204,34365.692489721674,14004.365602292557,10570.712784807145,0.32460001646774184,0.3619265503634865,0.2924616461847858,7.934807882787275,0.9108324287027267,222.24311260346533,14583.54281917896,722.0846101511949,171.38455234662774,3091.3945150910577,13.823263335714653,31.34734331687717,1.0286105557709329,2.101178698398587,0.5693838948392949,1.2237937598442272,12.66964965201253,29.24490124766414,105463.19120367341,18568.40649676784,17.606528197035136
SKY-1063,Restaurant 64,Kebab & Grill,QSR,CBD,1.0207671308782824,29.79,3581,0.3795091926450005,0.32584738359706233,0.2776855713859636,0.016957852371973503,1359,1167,994,61,39501.89550176389,35414.526792184384,30239.731066838056,1964.1077972698447,0.32496584347763907,0.4445018530373028,0.27547096469266796,6.067618594278226,3.4406095029470753,209.8771796797716,9106.462962047688,-1591.4814213417926,-1608.8380660927287,242.9131151178094,6.700855748379461,23.05323034850582,-1.3637372933520073,-4.493866120760975,-1.6185493622663267,-5.32027901483898,3.982182215046056,12.3676060680307,107120.26115805616,6149.056589730977,5.740330095590442
SKY-1064,Restaurant 65,Seafood,Cafe,CBD,1.0085169708385544,29.79,2440,0.37259561472484126,0.19312989853146162,0.2838439451534517,0.15043054159024538,909,471,693,367,27134.084323227555,14863.406275135407,21093.002727442305,11135.36544839452,0.33044765482994365,0.3015091383970996,0.25206840905423067,11.46058910665894,5.0200807710507895,1842.3696429756399,9986.515407168483,1723.780536170073,2286.750335405171,2255.9259652402625,10.986265574442776,36.80432067729568,3.659831286985293,11.59747977187261,3.2997840337736957,10.841274544709917,6.146937234987091,20.259110270741214,74225.85877419978,16252.97224398399,21.896644259013105
SKY-1065,Restaurant 66,Cafe Fare,Cafe,CBD,1.0335027684602995,30.18025035638145,2472,0.3270842682400637,0.2817931902328656,0.2550273558313985,0.13609518569567222,809,697,630,336,24395.30022039466,23294.052119205062,21254.920549901788,10380.327986823242,0.27098128620132017,0.55,0.2279931152127716,13.32967689644864,4.289560258580062,1441.2922468829008,4367.215268187703,-1140.8122590467235,-1186.3262775286805,416.98071812663557,5.398288341393947,17.901871379867988,-1.6367464261789433,-4.897440141409176,-1.8830575833788579,-5.5814194870474925,1.2410140420435583,4.017028350702884,79324.60087632475,2457.0574497389343,3.097472187184075
SKY-1066,Restaurant 67,Kebab & Grill,QSR,North Shore,1.0310911900845143,34.12226177562201,3035,0.547885997988107,0.26485385729228433,0.16534861771352724,0.021911527006081438,1663,804,502,66,57074.18585752208,28955.162944559837,18049.96184649814,2345.861658625194,0.3153198199575695,0.3962680234716715,0.28071096789970046,8.822944094982995,2.6426821147343276,174.41701957246562,16460.889027688256,222.98917283729745,-12.998506129204594,502.15800040828424,9.89830969794844,28.841215657075896,0.2773497174593252,0.7701188671058512,-0.025893438504391623,-0.07201403659324868,7.60845455164067,21.406121650949224,106425.17230720524,17173.03769480463,16.136255476508136
SKY-1067,Restaurant 68,Cafe Fare,QSR,CBD,1.0176052753886697,34.12985256773734,2391,0.36941591233492205,0.3158014993506493,0.2075231892368149,0.10725939907761374,883,755,496,257,32131.578894099475,26171.250042652428,19054.85454674488,9523.110003979366,0.260577324115024,0.3966580476986371,0.22149124803829642,13.577704683229435,2.9088453066969455,747.5732438211149,11013.56869267602,3173.8759553720606,2184.232113670645,2516.6120158704766,12.47289772669991,34.27646281863389,4.203809212413326,12.127338014804247,4.403693777561784,11.462864270689357,9.792264653192516,26.42636717226699,86880.79348747614,18888.288777589205,21.740465319658885
SKY-1068,Restaurant 69,Burgers,Cafe,Waitakere,1.0102062578300293,37.50603440721449,1397,0.35409431567381316,0.3032697081439389,0.26989323723023967,0.0727427389520082,495,424,377,101,18273.764129746254,17600.03289638771,14697.653424062186,3942.669992189273,0.2721160657643695,0.40675671817808184,0.2870992416848336,3.0,3.7877062567839133,382.55833193517526,5868.203001877708,598.8934683572227,373.5408194751932,883.5403064902031,11.854955559348905,32.112721605754864,1.412484595182129,3.402797437271504,0.9908244548413613,2.5414997122170044,8.747923826635674,22.409694654651876,54514.12044238542,7724.177596200327,14.169131838720231
SKY-1069,Restaurant 70,Seafood,Cafe,East Auckland,1.028226418812447,43.099597281499705,2825,0.5024337272051639,0.2130735666019994,0.15569952429689962,0.12879318189593714,1419,602,440,364,61933.12325959419,29187.224793387417,20322.546725444266,15563.301413132689,0.2587030961474883,0.501399553273215,0.35,8.805913188172298,4.0221280198349065,1464.0545992199059,14857.592183077664,-3213.5907789895923,-2450.9529780646158,2269.540176057651,10.47046665474113,23.98973505792967,-5.3381906627734095,-11.010264942070323,-5.570347677419582,-12.060264942070326,6.235000483674866,14.582639735696171,127006.19619155856,11462.588602081109,9.025219985954486
SKY-1070,Restaurant 71,Mexican,QSR,Albany,1.0228196038122916,29.79,3120,0.33017693635947987,0.27571250744967113,0.2502170855195235,0.14389347067132552,1030,860,781,449,31667.23108598112,27622.84199109243,26888.669108439004,14201.728043306934,0.24652250154307787,0.42547551881708245,0.3240068020504805,8.859667807634473,2.5564642811743012,1147.8524622472612,10386.914485914078,110.35815927722244,-153.93834244683575,3510.34245026404,10.084382996033085,32.80019796398397,0.1283234410200261,0.3995177589359189,-0.19710415166048112,-0.5725026472155226,7.8181346331047665,24.717713503311405,100380.4702288195,13853.676753008505,13.801167419746832
SKY-1071,Restaurant 72,Pizza,QSR,Waitakere,0.9982780911087743,35.66292227260946,2913,0.31724066983139515,0.3269201240216094,0.2984978979625924,0.05734130818440298,924,952,870,167,33049.42254025312,34004.275406734116,31576.05627501235,6078.398052699885,0.34788942699861036,0.25764608146972534,0.29873391547576655,6.455519696574285,2.9341777157245743,490.00767852600393,13036.823657756073,3255.2488730500536,2739.8088889908495,1907.7045186593145,14.109116512723023,39.44644915316643,3.419379068329888,9.573057605589774,3.1492056195297122,8.676855859162474,11.42338035125338,31.384988316320552,104708.15227469946,20939.58593845629,19.998047414227845
SKY-1072,Restaurant 73,Seafood,QSR,Albany,1.018980296160234,40.55804044757501,3306,0.39060455847230435,0.2588483845549545,0.17905216987020092,0.17149488710254016,1291,856,592,567,56032.747504493855,38475.48257727082,23628.29317160762,25652.88415853276,0.33098752654404995,0.4682429269337253,0.26657570809035414,17.343513632936556,3.2006148067645364,1814.748595435492,11249.66930687155,-2531.9238228916315,-1743.8491475255742,3335.5693240602927,8.713918905400117,20.076954652222472,-2.9578549332846165,-6.58061615681294,-2.9456911275769833,-7.380343281084007,5.882838314039317,13.0027068435921,143789.40741190506,10309.465660514637,7.169836670222667
SKY-1073,Restaurant 74,Pizza,Cafe,North Shore,1.0239305371811158,33.2633207874548,2917,0.3037305958591479,0.3103566127530081,0.20079067625837424,0.18512211512946986,886,905,586,540,29137.06291118162,30512.84527049277,21664.98868080594,18679.876447719234,0.3439499416490158,0.3461372394388488,0.192449894919859,8.768325785589337,3.4538763202788316,1865.093212950569,9029.949301624527,3584.1280247959826,2419.750174855205,3924.039953892505,10.191816367522039,30.991281891213546,3.9603624583381025,11.74629239922764,4.129266509991817,11.168942714468061,7.26674065535649,21.00677681073003,99994.77331019955,18957.86745516822,18.95885837588523
SKY-1074,Restaurant 75,Indian,Cafe,West Auckland,1.0065045782026838,36.40481265048244,2517,0.4517364483525455,0.251027878818307,0.12640953703389793,0.17082613579524955,1137,632,318,430,41794.715660715265,25132.661116569518,11888.464403252774,14880.736181923075,0.3017690879710933,0.37750085509875264,0.21710854416399264,7.572942299384484,2.766923557988733,1189.777129935155,13404.82153324081,2604.2843647382183,1154.4680499636436,3582.922232855637,11.789640750431671,32.07300569301541,4.120703108763004,10.362151276616146,3.6304026728416465,9.710825644124167,8.332377285710784,24.077587217816042,93696.57736246062,20746.496180798313,22.14221347759749
SKY-1075,Restaurant 76,Seafood,Cafe,Waitakere,1.0228476508925617,34.83785394763979,1974,0.5921659326958577,0.155871263348,0.09932909859774515,0.15263370535839713,1169,308,196,301,39749.4995317807,11207.56216858547,7232.25703229965,11055.537737388939,0.3349563464489316,0.28045222194773134,0.32131171424410854,9.090867397017268,2.7799147549312555,836.754341234308,15287.316930443716,709.2113663140711,387.94091372614866,3415.1107443328224,13.07725999182525,38.45914316033371,2.3026343062145167,6.327971735922855,1.9792903761538196,5.36403659319053,11.345882871537615,30.890498729728836,69244.85647005476,19799.57995481676,28.59357498037298
SKY-1076,Restaurant 77,Cafe Fare,Cafe,North Shore,0.9981776627211332,34.24374660647438,3197,0.46195598959775797,0.27075070691860925,0.08993968904392047,0.17735361443971231,1477,866,288,566,50044.63105126543,30651.686042230198,10222.793283925417,21664.84371251958,0.22074197679108548,0.4068341412686727,0.2384097567950088,3.0,4.279832329754388,2422.385098640984,18637.81576637944,4107.758889175832,1296.8822886682399,5646.120098404201,12.618697201340177,37.24238819402419,4.743370541773478,13.401412514523308,4.503063502320277,12.686183244138283,9.975477205661132,26.06120853362744,112583.95408994063,29688.577042627712,26.370167296584928
SKY-1077,Restaurant 78,Asian Fusion,QSR,CBD,1.0400427915001826,32.629699578903235,4326,0.3061409106594882,0.4307107677164286,0.24572062177841597,0.01742769984566724,1324,1863,1063,76,43524.35345207852,64577.727716097244,37138.54590962086,2735.3737436661368,0.338838938312041,0.32440379969527133,0.24202991607343816,6.340462261292798,4.109520702442886,312.3235733856593,14657.14209852395,6117.276752041855,3248.3767108307343,608.833399058037,11.070349017012047,33.67572619926877,3.2835624004518813,9.472734591924958,3.055857677169082,8.746644843704644,8.010965777079434,22.25777740492736,147976.00082146275,24631.62896045457,16.64569174982187
SKY-1078,Restaurant 79,Italian,Cafe,Manukau,1.0387192497758915,43.99543819147492,2721,0.3743605247614582,0.17036246500395724,0.33214665081949285,0.12313035941509172,1019,464,904,334,45969.58016434329,21897.321389315835,40646.00436121463,16358.451990389263,0.30797039235022633,0.37701187465954317,0.26337398097263914,12.441339893058915,3.377410573436088,1128.0551315276534,14481.232929884089,1130.859835679325,1777.9591703591714,4025.1473297142957,14.211219754547683,31.501773299023046,2.4371979217226833,5.164375201759131,1.9667689937601454,4.374253258841209,12.051339310521843,24.60591828663926,124871.35790526302,21415.19926563688,17.14980891125096
SKY-1079,Restaurant 80,Indian,QSR,Waitakere,1.0162122399854556,41.71702403704759,3933,0.30306940239894015,0.3345494769122887,0.3415758589755381,0.02080526171323307,1192,1316,1343,82,50202.7185743122,57876.900819248345,58984.26840839357,3418.0921485363074,0.32821993200671246,0.3501130696247452,0.2275181496461378,6.798691257735289,4.619109070022929,378.76694374188014,16148.55779373967,5449.04357975302,5150.701215188282,720.7204978248756,13.547447813539991,32.16669983685423,4.140610622912629,9.414884872240448,3.8352205623144315,8.732330423302034,8.789274363717995,21.08546131892617,170481.97995049044,27469.023086505847,16.112566908527874
SKY-1080,Restaurant 81,Kebab & Grill,QSR,Albany,1.0254518150675862,32.58905525483138,4107,0.3171433589756997,0.2553754034155081,0.1279615651659831,0.2995196724428092,1303,1049,526,1229,44067.53317223982,37725.80698178014,18478.78019730909,43115.36611092099,0.31710104845718756,0.5047508961215097,0.22092925061793456,6.0989369301990495,2.513554237773583,3089.1581582237336,7850.545341848277,-1613.9551124379914,-913.0193944564858,4591.760473214377,6.024977238563528,17.814805542130273,-1.5385654074718698,-4.278119519663182,-1.7357783164571974,-4.940907271516987,3.736176137684603,10.649939655855777,143387.48646225003,9915.331308168177,6.915060409248899
SKY-1081,Restaurant 82,Seafood,QSR,Albany,0.99,42.00125289907078,4035,0.3059974120517555,0.3523730528853447,0.2932060075765233,0.04842352748637654,1235,1422,1183,195,51723.76740225793,63438.17046082465,50664.71791764536,8281.32162094076,0.2555825180458401,0.5087582210101913,0.26798103708874316,13.5833397278004,4.52297344862938,881.9798224827291,12189.184799253839,-2050.4343446688235,-2044.889180513659,1069.5903103474786,9.869785262553716,23.56592609439686,-1.4419369512438984,-3.2321776144774548,-1.728562282767252,-4.036120725743686,5.4850785146024545,12.915695818923803,174107.9774016687,9163.451584418835,5.263085426165551
SKY-1082,Restaurant 83,Pizza,Cafe,CBD,1.0026547850960201,38.14942120333542,2799,0.502468029696711,0.2262057697801954,0.2448905270319797,0.026435673491113885,1406,633,685,75,53103.57968467817,27027.27916064043,26968.501001365366,3001.3243861695614,0.23258821010740288,0.3732559219150319,0.23433882181311858,13.690890403331402,3.4425154435355503,258.1886582651663,20931.087543330126,4319.419921315461,4120.43316699936,924.8009602477306,14.886975493122423,39.41558679775653,6.823728153736905,15.981704616444672,6.015230900728993,15.278688151005316,12.330679469969741,30.81309586225724,110100.68423285353,30295.741591892678,27.516397198603944
SKY-1083,Restaurant 84,Sushi,QSR,Waitakere,1.015593316197718,41.36550231214454,3689,0.1840111807111915,0.429361466434009,0.2483209030688544,0.13830644978594508,679,1584,916,510,30365.59524390619,71501.7239900689,39637.743584508666,20866.073567022086,0.26795756252176667,0.37447843979581985,0.24035925680884423,10.809466652563996,5.31,2708.1,10857.643627417177,8380.34103226949,4359.912507948756,4752.856680559753,15.99063862653487,35.756399768241344,5.290619338553971,11.720474087356918,4.7597298121711304,10.999396316930383,9.319326824626966,22.777915860851916,162371.13638550584,28350.753848195178,17.460464020455007
SKY-1084,Restaurant 85,Indian,QSR,Waitakere,1.0039180046785972,33.60814567145533,3638,0.41758000453709204,0.33055285145399477,0.2097554996219103,0.04211164438700285,1519,1203,763,153,51654.55738068396,42536.94094742983,25716.03062325606,5215.175284305049,0.325421277657281,0.34385899235553397,0.23875235895411978,7.407089330864665,1.7075180732175221,261.2502652022809,17083.181269547353,3912.010630723865,2180.842840599495,1463.511096658926,11.246333949669093,33.07197299871849,3.251879161033969,9.196737103306523,2.8582474975091676,8.480480026444164,9.565432004306706,28.06254856022441,125122.70423567489,24639.54583752964,19.69230603513797
SKY-1085,Restaurant 86,Mexican,QSR,Manukau,1.0307159472394598,34.550442869393805,2587,0.3058282127371695,0.32573463539109876,0.10357785477102112,0.26485929710071066,791,843,268,685,26739.51033412602,30447.249795347594,9658.581357638745,23973.5448331653,0.3310541136828928,0.447420440405195,0.2908944085533788,8.161851272092868,2.2106547477826584,1514.298502231121,5923.481950233449,-2112.09413358887,-754.2945887124586,3796.451707025039,7.488599178550505,22.152544591191216,-2.5054497432845433,-6.936896264146664,-2.8145320474345468,-7.809579489806801,5.542265265729984,15.836004785462436,90818.88632027766,6853.544934957159,7.546387334885132
SKY-1086,Restaurant 87,Burgers,Cafe,Waitakere,1.04995944796122,39.5349927850999,2855,0.45392530071258347,0.30755212597667786,0.20569193202228803,0.032830641288450695,1296,878,587,94,50170.18357460333,35201.1641076564,24709.739856514872,3998.5125503769855,0.23844259751781616,0.3469756090766636,0.2607149723801857,6.1854751344876435,3.3187978282005477,311.9669958508515,20799.644681843223,5416.291217636198,3608.743145758564,1345.7435082389197,16.049108550804956,41.45817934055203,6.168896603230293,15.386682102533456,6.147773672501812,14.604537185392896,14.31642030041404,33.65610314545695,114079.60008915159,31170.422553476903,27.3233974602976
SKY-1087,Restaurant 88,Cafe Fare,Cafe,Waitakere,1.0023507792085604,47.23,1519,0.31857108808192225,0.14689577406550902,0.1660260842524687,0.36850705360010005,484,223,252,560,22212.849345284663,11497.356645676597,12425.860979166888,28353.87439620866,0.2558505284639303,0.34050639077480105,0.2628571212842459,5.518294083399743,3.297234052978992,1846.4510696682355,8966.062942216631,1618.6663868111038,1651.3999788862468,9598.394143135483,18.524923434331882,40.36430807612687,7.258593662830062,14.078595947702278,6.553174519389868,13.290024583849542,17.139989541313362,33.852143128696845,74489.9413663368,21834.523451049467,29.312042741004007
SKY-1088,Restaurant 89,Mexican,QSR,South Auckland,1.007438048938722,37.57539941434811,2784,0.4595767960164492,0.32620349472950133,0.19815176493202666,0.016067944322022788,1279,908,552,45,49409.251648743884,36364.02040194578,21760.96617641564,1777.2515940031708,0.2674543941326622,0.4385015004565475,0.29387783589235533,5.3445422909204865,4.850138984175018,218.25625428787583,14528.499200071514,6.046228160592542,-188.23378403871973,304.3341007606877,11.359264425388204,29.404410541079034,0.006658841586555663,0.01662695184350138,-0.3410032319542024,-0.865006555833564,6.762980016904171,17.12386146044693,109311.4898211085,14650.645744954074,13.402658557604779
SKY-1089,Restaurant 90,Sushi,Cafe,CBD,1.023531725524649,35.02948897420385,3247,0.5321071464154685,0.22810067416508537,0.09071492972583955,0.14907724969360656,1728,741,295,483,59869.273760562064,25570.410370381345,10945.494886966777,16682.088567114606,0.2839212722879933,0.3323190633278345,0.2643184156706824,6.836809576251774,2.231625316700466,1077.8750279663252,22975.41240527742,3054.1617447547146,1220.55070106879,5324.037681776611,13.295956253054063,38.375966438417215,4.12167576889975,11.94412487134897,4.1374600036230165,11.151169624336921,11.022852343222796,31.914694975735138,113067.26758502479,32574.162532877537,28.80954252156335
SKY-1090,Restaurant 91,Seafood,Cafe,South Auckland,1.0441667422274943,42.0697910551586,2946,0.5063631473175066,0.2753429038886009,0.19957038097726534,0.018723567816627106,1492,811,588,55,63007.95738050037,36116.974919375214,25572.41335346788,2377.5487154392845,0.23870771261163065,0.36735714758860283,0.2588698492617131,5.3784765326033925,3.804918518693884,209.27051852816362,24821.048499185148,4878.149710841005,3255.3476356432247,727.3294670691663,16.63609148738951,39.39351397997666,6.014981147769427,13.50652905380535,5.5363055027946,12.72991950602021,13.224172128530297,30.591569474309686,127074.89436878276,33681.87531273854,26.505530836791973
SKY-1091,Restaurant 92,Sushi,QSR,North Shore,1.0016643853119014,32.48030334424577,4267,0.20367207017858144,0.26120545576673737,0.36029958122733036,0.1748228928273508,869,1115,1537,746,28171.606905199427,37807.52399386223,54297.535084883064,24476.37331006737,0.23600767052369404,0.25930824529423047,0.28881801422280684,3.5270320850989787,4.062463004681995,3030.5974014927688,14217.761630888008,8161.361619445795,11250.532319436943,9322.23864659718,16.361060564888387,50.46840841820755,7.3196068335836735,21.58660699592687,7.3197998174606,20.720152953258452,12.496298453883618,38.0866827307412,144753.0392940121,42951.894216367924,29.67253359642908
SKY-1092,Restaurant 93,Sushi,QSR,CBD,1.0237355418346041,31.94304923181492,3123,0.41462089639594474,0.21478906376228699,0.15903697372026204,0.21155306612150618,1295,671,497,660,42274.02166248308,24499.398372112333,17740.123252639423,22659.103514229497,0.26301741166166004,0.4192933241586217,0.2967279137423053,9.76790934413867,3.6046478322206474,2379.0675692656273,13430.002835871719,513.5404747836318,213.93724743286148,4819.486353142011,10.370658560518702,31.768926417971826,0.76533602799349,2.0961350437412984,0.4304572382954959,1.2059513025143798,7.302252050215167,21.269536767487125,107172.64680146435,18976.96691123022,17.706912610252836
SKY-1093,Restaurant 94,Cafe Fare,QSR,CBD,1.0473194827621966,37.81612571154687,2551,0.37643695788721376,0.2897035416165204,0.14735277438837394,0.18650672610789193,960,739,376,476,35381.287948499055,28278.364247131438,14807.876611563945,19568.810391310308,0.30388142263012524,0.5058606857427308,0.26411706001965585,9.82108453312703,1.9390036580756798,922.9657412440235,6731.56924813431,-2088.616466793667,-1211.027837262442,2800.154865458023,7.012051300139906,19.025789162714403,-2.8262739740103746,-7.385916839251183,-3.220818716123516,-8.178268019310153,5.882678288777359,14.30927485863655,98036.33919850475,6232.079809536224,6.356907918519336
SKY-1094,Restaurant 95,Sushi,Cafe,Manukau,0.995223612777311,38.13055946863884,2244,0.2755255877580689,0.32477913402250885,0.0973676916315301,0.30232758658789216,618,729,218,679,22804.320063835494,28418.332699718772,8972.537355782573,28020.296248188617,0.24687325471109292,0.4204857760959854,0.27322431102482087,14.952774654499109,4.307758805254198,2924.9682287676005,7585.651127819829,1688.5223597265522,459.5727248537037,6395.730272302648,12.274516388057975,33.26409691929217,2.316217228705833,5.941665816810082,2.1081317653839617,5.121992883735621,9.419337661712294,22.825348510425197,88215.48636752546,16129.476484702733,18.28417792484159
SKY-1095,Restaurant 96,Asian Fusion,QSR,East Auckland,1.0007839618973124,35.17001884094959,3366,0.3378132354606266,0.31672847128642445,0.2141238159729065,0.13133447728004247,1137,1066,721,442,40257.38953928157,42155.104826253635,26635.99411749725,15697.354345015834,0.29478884205127054,0.4723259417283113,0.23872839081066688,6.660815710758541,4.129324931315414,1825.161619641413,9375.350867325187,-246.3196373700375,-346.4018044127505,1830.5201410861196,8.2456911761875,23.288521622041813,-0.23106907820829034,-0.5843174590248745,-0.48044633066955683,-1.3005026314568764,4.141448283000271,11.66132904216015,124745.84282804829,10613.14956662852,8.507818237484562
SKY-1096,Restaurant 97,Asian Fusion,Cafe,East Auckland,1.0136459009030874,38.05873793183423,2451,0.4528081040129936,0.305580143907745,0.15969281483604283,0.08191893724321853,1110,749,391,201,43006.82844340839,32333.509623446196,15991.376721193974,7117.522665089997,0.34763487672638166,0.31077285046758685,0.235572678273419,10.036352063681447,3.4995845197903774,703.4164884778659,14690.800274162952,3427.985580094088,1582.3853326945164,1727.8742554386683,13.234955201948605,34.15922728060315,4.576749773156326,10.601959453261244,4.047021311239172,9.895241418440987,8.596389330540639,24.276343564222714,98449.23745313856,21429.045442390227,21.76659362403936
SKY-1097,Restaurant 98,Indian,QSR,Manukau,1.012191173807169,35.41364913174283,4037,0.39004677464408355,0.16680876893188631,0.11887869955943733,0.3242657568645928,1575,673,480,1309,56332.92201322753,25029.83810123661,19083.104043396128,44934.32096540531,0.24141991181639205,0.386542699741974,0.3007659000786723,10.094494027461806,3.104347687208954,4063.5911225565205,20957.953189087402,1783.9138149590995,1187.8948188408842,12653.656300811032,13.306636945452318,37.20373884416339,2.6506891752735506,7.127148836296166,2.4747808725851757,6.22485113606015,9.666658747754798,28.160337196489543,145380.18512326558,36583.418123698415,25.16396446508849
SKY-1098,Restaurant 99,Indian,QSR,East Auckland,1.0321890193163046,35.78485676923183,3065,0.35595352302539696,0.35253938887359254,0.2545927803417381,0.036914307759272416,1091,1081,780,113,38093.21547540308,40800.054669481964,30154.83161420649,4435.381051930688,0.2907099408715257,0.30397880529414273,0.2877976825017849,8.111568536060634,3.126108010044371,353.2502051350139,15439.608926916984,4794.560134773974,3283.2472362729827,1444.4596502560498,14.151795533379454,40.53112538343316,4.435300772223843,11.75135713325467,4.209291328555106,10.887964085749314,12.782828763327874,32.566754318150124,113483.48281102222,24961.87594821999,21.996043238986264
SKY-1099,Restaurant 100,Pizza,Cafe,Manukau,1.0236248957973126,29.864738882637255,2629,0.4462108275162642,0.24966377082389962,0.16890733782780604,0.1352180638320301,1173,656,444,356,35743.33473854579,21641.483533196715,13114.925604256106,10886.47767831629,0.34611405301878473,0.35405641180930597,0.2882119375366631,11.605167560623867,2.8212642077606223,1004.3700579627815,10716.907440152143,251.42204791848624,38.96758511488082,2259.717483986158,9.136323478390574,29.98295351719093,0.38326531694891197,1.1617597635246224,0.08776483133982166,0.29712395091463506,6.347521022433028,20.757103911461357,81386.2215543149,13267.014557171668,16.301302977086397
SKY-1100,Restaurant 101,Sushi,Cafe,CBD,0.9933755691053681,40.79960520816004,1757,0.5526250253027786,0.19220204811731492,0.10845550641604727,0.14671742016385925,971,338,191,257,38732.343524440155,13609.834824689502,8401.802587367667,10590.049604531709,0.28117792243362855,0.42405480341467533,0.2812341739490209,11.713302153977502,3.5407851342526415,909.9817795029288,11417.02732220632,184.18325842438114,42.81621598770949,2211.61827555613,11.75800960062443,29.476727415169606,0.5449208829123702,1.3533100202675172,0.22416867009271985,0.5096074984204557,8.605518581930466,20.883927442698013,71334.03054102903,13855.64507217454,19.423611657840112
SKY-1101,Restaurant 102,Pizza,Cafe,Waitakere,1.0277311560435123,33.87551843671274,2693,0.5303430518919612,0.1422536775189725,0.138334053484011,0.18906921710505534,1428,383,373,509,47617.36925533457,13046.360283243834,14016.819844626454,19065.29636962936,0.27418486391137115,0.3771274429172309,0.27184813103259814,10.14593883319139,2.9311348529449774,1491.9476401489935,16603.59064053326,1002.4766116694855,962.7329111060677,5155.886570606097,11.627164314098922,34.8687693171398,2.6174324064477426,7.683956213879989,2.5810533809814147,6.868411820782194,10.129443164255592,27.04330670054163,93745.84575283421,23724.68673391491,25.307453939309777
SKY-1102,Restaurant 103,Sushi,QSR,South Auckland,1.0113369166896653,29.79,3302,0.1,0.45027438015391785,0.41141740850366537,0.038308211342416784,330,1487,1359,126,9552.308282535461,47344.11430428533,42554.83721920533,4093.63473847153,0.3523573116437913,0.27111512841791446,0.2978564756329108,8.105261032332717,2.0514750246473588,258.48585310556723,3596.707329401436,3724.612807796144,2967.5781714166324,1282.8804462497556,10.89911311939829,37.65275599382943,2.5047833273679516,7.86710843053835,2.183648396921731,6.973539003639617,10.181590843252028,31.3384199668179,103544.89454449766,11571.778754863966,11.175614988811525
SKY-1103,Restaurant 104,Burgers,QSR,North Shore,1.0391167082541186,33.75467277579354,2813,0.3114305300646086,0.14362816513579532,0.28251571165398687,0.26242559314560926,876,404,795,738,30723.31553189012,15573.266175725563,29513.775749454617,25931.748082990787,0.28622090644628034,0.2779479626123572,0.30740435044091136,7.748644620059127,1.8514083551724079,1366.339366117237,13390.177354531996,2000.0244368250053,3518.179308015148,9935.523728179143,15.285590587365292,43.58311309413624,4.950555536695558,12.842678050045103,4.4253827773775445,11.920464998722368,13.462769279375532,38.314130217453695,101742.10554006108,28843.90482755129,28.350017600327693
SKY-1104,Restaurant 105,Mexican,QSR,Waitakere,1.0105861869534463,34.352720213920705,3147,0.32518140752104435,0.34742320001911925,0.22741210698703512,0.09998328547280122,1023,1093,716,315,35810.63959768607,39896.901625653205,25393.36214123976,11126.953293935449,0.34970227613425053,0.27331852479564583,0.30644912020762594,4.212861354210292,2.147963746347708,676.608580099528,13499.866233723835,2813.931618025835,1557.5426297861984,3518.0213607387086,13.19635017959319,37.697919907010366,2.5745028527226306,7.053007886247769,2.1753388684164783,6.13366052562489,11.168321780122884,31.61711267949821,112227.85665851449,21389.36184227458,19.058870479330153
SKY-1105,Restaurant 106,Mexican,QSR,Manukau,1.0104507707534665,31.08727410879642,3180,0.18231112845457256,0.2459521585120166,0.33681463343256324,0.23492207960084763,580,782,1071,747,18357.871134426918,26353.22016032689,33313.7292116294,24028.37431125052,0.3193034426007239,0.4044016812957713,0.26596888336216057,6.1792877748380795,3.1221322425494518,2332.2327851844407,5072.185730610591,272.12316008658,78.18486525499581,4306.683918111157,8.74514781139757,27.629487610350473,0.347983580673376,1.0325992741344159,0.07300174160130328,0.234692624047933,5.765306449948001,17.92332624057171,102053.19481763372,9729.177674063325,9.533437626768178
SKY-1106,Restaurant 107,Mexican,QSR,CBD,1.028116974162068,37.49033380220549,3124,0.3484764752409081,0.29666849490707137,0.15239708868967602,0.20245794116234453,1089,927,476,632,42354.56954019487,39109.95019720126,19016.89152131909,24856.941424547273,0.28457199061905736,0.5144726174959668,0.32547970919635355,6.822973666344092,2.8730441635647925,1815.7639113729488,8511.37912006932,-4870.13984838847,-2553.753803742114,3179.3724936588374,7.815775133213333,20.09553918849758,-5.253656794378069,-12.452431731137775,-5.3650289994582225,-13.428870858726839,5.030652679839933,12.790682648184035,125338.35268326249,4266.857961597572,3.4042716137973965
SKY-1107,Restaurant 108,Indian,QSR,North Shore,1.0314438972350541,29.79,4451,0.45238819951694553,0.23989948406031306,0.19343675508316374,0.11427556133957767,2014,1068,861,508,65059.58057116601,37042.25978985009,25386.053194360033,16707.213900933584,0.32158607387688887,0.46537207708001493,0.2791384272692929,5.066098831496981,3.115343793288749,1582.5946469906846,13860.413342849502,-2448.3666218749268,-1890.5179397128566,1976.7410948227264,6.882032444314549,21.30418490430962,-2.2924781103697818,-6.609657822619669,-2.1957235072158614,-7.447073104427549,3.891222627603792,11.831662098444001,144195.10745630972,11498.269876084447,7.974105417944472
SKY-1108,Restaurant 109,Seafood,Cafe,CBD,1.0267214904590432,36.290836255155256,2336,0.3222088926368469,0.3842762539091961,0.2472122641290781,0.04630258932487886,753,898,577,108,25925.759063261594,34444.3440933882,21995.370868076603,4142.419655400722,0.3144202281230717,0.2372810360597755,0.29529504770263193,10.539733883406825,3.400813133546111,367.28781842297997,11622.485013160265,5270.111680974009,3170.519141570639,1489.7536763172898,15.434907055989727,44.82987358171528,5.868721248300678,15.300368811452092,5.494833867540103,14.414483668344197,13.794015521456387,35.963369244229234,86507.89368012712,21552.869512022204,24.91433855934167
SKY-1109,Restaurant 110,Mexican,Cafe,West Auckland,0.9947160402392279,35.5435286332814,2241,0.4502760844820885,0.23755466007927717,0.16657533392075055,0.14559392151788372,1009,532,373,327,35068.9990991754,20409.155081283665,14735.624959974946,12425.180906721756,0.3459397269451113,0.4694753156648849,0.2812835156333952,13.188197541454535,2.272679074083121,743.1660572251806,6473.209704431373,-1973.535871325916,-1549.2603402588186,1550.3354310051438,6.415470470199577,18.45849573900038,-3.709653893469767,-9.669855824339141,-4.153512976565198,-10.513706371239326,4.741086944969859,12.477367071303128,82638.96004715576,4500.748923851782,5.446279722401573
SKY-1110,Restaurant 111,Asian Fusion,QSR,CBD,1.0280705165989237,33.804333464574775,1937,0.2575758870433206,0.28255633027774607,0.29217791641511554,0.16768986626381782,499,547,566,325,16556.54646019338,21317.91080450617,18819.648851368947,11939.707867829457,0.27532445079607415,0.4355480291910253,0.27988026829936696,5.821781486847975,4.3656601683453475,1418.839554712238,4786.9532180140795,197.13208721592565,16.012578994291314,2033.2585707918095,9.593092621270701,28.912752001290055,0.36038772799986407,0.9247251713533577,0.02829077560828854,0.08508436645525697,6.256180217820952,17.02938290701613,68633.81398389796,7033.356455016106,10.247654977568619
SKY-1111,Restaurant 112,Mexican,QSR,Manukau,1.004485379224884,35.1712299955184,2719,0.2795279178688291,0.2877131270410632,0.19593717714265876,0.23682177794744896,760,782,533,644,26047.85910077769,28029.557226179288,18911.610052680004,22496.54381331598,0.30185427300517287,0.26182900381298696,0.24056992038998723,9.99204502510623,2.6322891729525253,1695.1942273814263,11365.116528753595,5486.696210695874,3565.400267713785,8120.424052161302,14.954100695728414,43.631672318184016,7.01623556354971,19.574680279185294,6.6893063184123545,18.852970518015333,12.60935411826289,36.09631825913954,95485.57019295296,28537.63705932456,29.886858298753396
SKY-1112,Restaurant 113,Italian,Cafe,East Auckland,1.023529141673824,33.76684961158111,2229,0.5529654270753032,0.2559510144359152,0.17778252546826548,0.013301033020516164,1233,571,396,29,40288.585552759796,21615.84714627541,13621.97290750918,1047.9757815660803,0.2972317944177913,0.34877588683026517,0.29805403353379306,5.380611011646014,2.466573015218491,71.53061744133623,14261.84981905749,1209.1534229002966,640.1872866410312,299.44475947112073,11.566788174418077,35.399231875194346,2.1176066950968417,5.593828521815042,1.6166345622248262,4.699666421213661,10.325681361073128,28.573633545580098,76574.38138811047,16410.635288069938,21.430973375931156
SKY-1113,Restaurant 114,Seafood,QSR,Albany,0.9986439834690141,37.04198724531616,2854,0.2911697961899357,0.3569879407112501,0.2872079878834122,0.06463427521540191,831,1019,820,184,30505.17475858713,39227.96303722733,32119.96312893494,7008.046686553295,0.3316866663737903,0.4466865688047067,0.35,7.932772401712933,3.3823862373324523,622.3590676691712,6760.76319206024,-5035.820524551371,-4460.603193529234,930.8116471896893,8.135695778652515,22.1626764821503,-4.941923969137753,-12.837323517849697,-5.439759992108822,-13.887323517849698,5.058758952117877,13.282041185251895,108861.14761130269,-1804.8488788306759,-1.6579366637535655
SKY-1114,Restaurant 115,Italian,QSR,Manukau,1.026694832213146,34.26460994700574,4198,0.3815991240109562,0.2544330023569136,0.061840087598904386,0.30212778603322593,1602,1068,260,1268,52888.45426330279,39672.16912271419,9313.002614077885,40812.70203094063,0.2538669362500121,0.40853034576543495,0.25500819700839666,6.583846472877784,1.0634897976249271,1348.5050633884075,17855.28590929274,3276.7038047756364,697.9562295989392,12429.974070550832,11.14562166622518,33.7602717984553,3.068074723572693,8.259452097615627,2.6844470369189968,7.494427506590434,9.80281866762684,30.456140985538056,142686.3280310355,34259.92001421814,24.01065363933559
SKY-1115,Restaurant 116,Italian,QSR,East Auckland,1.0079010164353894,29.79,3193,0.17159036955451112,0.35319688456217385,0.3885494414521185,0.08666330443119653,548,1128,1241,276,16489.00619539977,35965.259321436926,41256.56214232446,7851.005795960438,0.3457639671707035,0.278363346332841,0.2728397886169979,11.106634770122545,2.1094655502770805,582.2124918764742,6197.767056321609,3705.6048908738185,3913.090203248333,2368.766148350418,11.309793898397096,37.587268649645544,3.285110718859768,10.303289787945753,3.153175022762557,9.484770422094757,8.582486044747892,30.17149916726866,101561.83345512158,16185.22829879418,15.936329375095571
SKY-1116,Restaurant 117,Burgers,QSR,East Auckland,1.000760480246092,29.79,4137,0.5076085805255391,0.144409683543385,0.04923914194744609,0.2987425939836298,2100,597,204,1236,62656.02585870759,18525.885125832836,6673.7786996649165,36793.756062885324,0.3209847947476687,0.4127519509057336,0.2521517894261095,6.624241391552376,3.8810727986918327,4797.005979183105,16682.997349564062,261.4273780741843,43.692636766791836,4999.8192497556,7.944284452173363,26.62632543465977,0.43790180581940413,1.4111464920488206,0.21417959199407763,0.65469112377049,4.0451612053038835,13.58877098932291,124649.44574709066,21987.93661416064,17.639818999896228
SKY-1117,Restaurant 118,Pizza,Cafe,CBD,1.030707302047236,37.948258969696894,2440,0.4742387201675849,0.25701704522674496,0.15162697552975524,0.117117259075915,1157,627,370,286,44539.7389218205,24761.38331978679,15161.469408982943,11517.949069615204,0.2407383716865174,0.22037495827435885,0.25047920393752265,12.540811447973264,1.1625780709378892,332.4973282882363,24001.8715919918,7141.367820430159,4258.751990979155,5874.371891516924,20.744919267062922,53.888667003912374,11.389741340398977,28.840746610160107,11.510140516159879,28.08930899834754,20.53976185845078,51.001891534784995,95980.54072020543,41276.36329491804,43.00492890037314
SKY-1118,Restaurant 119,Asian Fusion,Cafe,CBD,1.0236246678251513,37.071937265297315,2424,0.40357501416147645,0.16343143777326766,0.26990306372465717,0.1630904843405987,978,396,654,396,36808.60612964639,16017.242030600495,25840.98234226441,15334.531965638324,0.3543718271466225,0.3544024476969952,0.33177797912474694,8.139977292182303,4.017574196933156,1590.9593819855297,10719.613012101927,-649.535266697676,-1305.114145738976,2874.850809641215,10.960749501126715,29.12257251563823,-1.6402405724688787,-4.055225396836465,-1.9955873788057739,-5.050559334210708,7.259724266770745,18.74756149117033,94001.36246814961,11639.81440930649,12.382601808830586
SKY-1119,Restaurant 120,Pizza,Cafe,East Auckland,1.0107903479791065,37.56563552298654,2342,0.4717991858999905,0.2774003168741841,0.1681111742768568,0.08268932294896864,1105,650,394,193,42260.95218048293,27343.425893451065,15921.717581129096,7593.641943661719,0.4,0.4496569738580034,0.24308115929090143,6.726387016418093,4.411136566359135,851.349357307313,6353.639438456012,-2535.778271254078,-1592.6584520237056,290.30175194158244,5.749899944304083,15.034302614199657,-3.901197340390889,-9.273813314890486,-4.042280335085548,-10.003056792763193,1.5041541551377329,3.822958128594571,93119.73759872481,2515.5044671198107,2.7013655020804723
SKY-1120,Restaurant 121,Seafood,QSR,CBD,1.041767682735316,33.882473682573085,3302,0.21311625139469703,0.36421871095749747,0.1600375198080378,0.2626275178397677,704,1203,528,867,23586.05084234425,43809.94000579728,18346.510155482556,32843.59366920701,0.34508252862972333,0.3712875950899924,0.25103678106534555,4.61343158179193,2.5305446621762515,2193.9822221068102,6689.708682354595,1427.901545969705,459.80008676303277,7121.442186890303,9.502427105617322,28.36298762802843,1.186950578528433,3.2593095214938748,0.870833497657259,2.5061991782978357,8.21388948891615,21.682895783621618,118586.0946728311,15698.852501977635,13.238358633269295
SKY-1121,Restaurant 122,Indian,QSR,CBD,1.0133902136764539,34.94735132594276,4417,0.4464277667577391,0.3812425287921944,0.1332040348513587,0.0391256695987078,1972,1684,588,173,73301.60962831997,63724.496936212345,22486.57921663182,5980.816311772112,0.3642143145251911,0.3350743715026638,0.20650028705074797,9.886215786033723,3.19181276742631,552.1836087647516,22042.623347605346,6003.550296409995,1979.1791680575157,1246.3155229742795,11.177800886209607,30.07113139721452,3.5650536201959593,9.421102692139721,3.36595096608421,8.801601830987476,7.204135970949593,20.838552097330624,165493.50209293625,31271.668335047136,18.8960097765566
SKY-1122,Restaurant 123,Indian,QSR,North Shore,1.0204816151095641,37.98012836136286,1792,0.31084137020532127,0.2343045923283002,0.3119756161343976,0.142878421331981,557,420,559,256,21303.712723579396,17592.233065868375,21560.357611643554,10101.160090441253,0.3038417121721165,0.43225423776406446,0.23969553101831012,12.13326440779163,4.0190870848510265,1028.8862937218628,5622.136069148717,425.8819092281077,366.9066868694305,1636.8507644885976,10.093601560410622,26.39040500638191,1.0140045457812088,2.4208519045509,0.6563625883174069,1.7017653114959674,6.3939482987835845,16.20458194735031,70557.46349153257,8051.775429734853,11.411656586409356
SKY-1123,Restaurant 124,Seafood,Cafe,Albany,1.024033701715179,33.33335941614625,1099,0.40163374364564086,0.2631218622509122,0.09445184247279279,0.24079255163065416,441,289,104,265,13878.655083914893,10029.610747473354,3790.5085758325704,9294.241157320457,0.22523227861176703,0.4382326270560607,0.2016640042818661,9.95662439787906,2.43321081195648,644.8008651684672,4670.65449786898,1352.7045342919969,488.2977493375577,2483.0374594563305,10.591053283149614,33.65350943321722,4.680638526961927,13.487109005030613,4.695170666707286,12.882116992185013,9.3699526771937,26.7158708002816,36993.015564541274,8994.694240954865,24.31457426135463
SKY-1124,Restaurant 125,Sushi,Cafe,South Auckland,1.0107050109880709,33.07771930981666,2047,0.3757509946531064,0.35019169845765796,0.25737697811957644,0.016680328769659154,769,717,527,34,24671.85022608698,26315.786069472448,19304.94701562664,1136.5063945365794,0.21701457969746138,0.46170277850068653,0.29527218796847715,16.835910832450484,3.7677755205261816,128.10436769789018,7926.637218776846,684.4855386489838,331.12401478811705,237.03540916352003,10.307720700620086,32.128264180185205,0.9546520762189453,2.6010453833374916,0.6283188136396908,1.7152288194320575,6.9716296812800005,20.856495863375528,71429.08970572264,9179.282181377466,12.85090180932553
SKY-1125,Restaurant 126,Italian,QSR,Manukau,1.027067044400999,29.79,3309,0.2877413737528973,0.40537413666309546,0.2453658246497666,0.06151866493424059,952,1341,812,204,26879.25587972796,44453.51870340603,25844.87700299671,6327.1322464859295,0.3114786919740491,0.4312039699912471,0.35,14.004256083646464,2.2288512048693283,454.685645793343,6916.498571325259,-4120.070447155752,-2666.7432073348664,1173.3951812659518,7.265229591728214,25.73173380347038,-3.0723866123458254,-9.268266196529618,-3.284166511496141,-10.318266196529617,5.7519371630683915,18.545450538316977,103504.78383261662,1303.0800981005925,1.2589563978104397
SKY-1126,Restaurant 127,Burgers,QSR,South Auckland,1.011998214792529,35.213450002108566,3749,0.40252035504655675,0.22726858729002278,0.13787468186601623,0.23233637579740415,1509,852,517,871,53164.72940880961,35526.5533599374,19169.35402790181,29934.875151792086,0.2733609536521509,0.44569623557560023,0.2553328482539791,7.923652823490445,2.4223977066668207,2109.908402506801,14936.248514057015,909.833699951309,344.089465260018,6300.079562754019,9.898110347287618,28.094281077224892,1.0678799295203156,2.56099625182698,0.6655502229400735,1.7949977070650436,7.233156788466153,21.045952357602726,137795.5119484409,22490.25124202236,16.3214686197019
SKY-1127,Restaurant 128,Mexican,Cafe,North Shore,1.0138254251667569,43.22877899031507,2708,0.44303161650938006,0.26311005022435,0.16246126830077237,0.13139706496549755,1200,713,440,355,51684.97710840126,32824.1958426692,20466.468911632506,16825.534247768202,0.25884406747526917,0.4213035990206274,0.20332968268039053,7.886903981675258,2.100663535675026,745.7355551646342,16531.56053522831,3824.7623107445093,2259.9639917028185,4635.950836437234,13.77630044602359,31.985233350410336,5.364323016471962,11.652265082371283,5.136281799324587,11.04227603433011,13.059016440668264,27.55306766590287,121801.17611047116,27252.237674112872,22.374363322564022
SKY-1128,Restaurant 129,Italian,Cafe,West Auckland,1.04043963959705,36.188374359394054,2150,0.4786573327262736,0.23470843525380417,0.1294376884252354,0.15719654359468693,1029,505,278,338,36714.54241923392,19402.279213948485,9512.473034316274,12387.445969319222,0.2971763992214096,0.38858700543815305,0.30599998657718935,10.643938518198736,3.242647199194803,1096.0147533278434,11537.052809302131,159.80898300059258,-8.97397986989006,2796.574093034653,11.21190749203317,31.423659534043736,0.31645343168434176,0.8236608763247999,-0.03228050312910093,-0.09433908340676922,8.27388784921495,22.575873186136242,78016.74063681789,14484.461905467486,18.565838289624644
SKY-1129,Restaurant 130,Indian,QSR,CBD,1.0043912092123135,29.79,3962,0.33920847794629855,0.3159875896009014,0.2885164596104536,0.05628747284234657,1344,1252,1143,223,42453.14931198075,41428.05366517424,36504.64353086734,7448.694265306064,0.32770133795375794,0.37626562998346696,0.24092300164279373,6.0669328685101025,4.057969052565549,904.9270987221174,12567.534511439379,2283.101297728375,1747.9277666559744,1300.1324495450417,9.350844130535252,29.603303206277516,1.8235633368437498,5.511003041998142,1.5292456401189627,4.788234037069761,5.830190356704223,17.454501463440312,127834.5407733284,17898.696025368772,14.001455253870779
SKY-1130,Restaurant 131,Italian,Cafe,Waitakere,0.99,30.843229977036422,3070,0.4661879829969463,0.20291900637401067,0.22593208259493175,0.10496092803411124,1431,623,694,322,44863.57024544659,21382.133208711293,22592.45909325157,10315.880078742719,0.23462591039570335,0.35339181966318184,0.32197387722214166,13.082009072863704,2.7158870678828357,874.5156358582731,18482.995507381744,1924.5714430190835,1815.2854810456176,3375.444055422479,12.916139418156355,41.19822699411147,3.0891997480242113,9.000839271897314,2.6156851311896507,8.034917640230887,10.482745513734406,32.72085396163186,99154.04262615218,25598.296486868923,25.81669471953259
SKY-1131,Restaurant 132,Italian,QSR,North Shore,1.0441640549251785,30.50124576425675,3420,0.3023036130467465,0.3077315219044129,0.12424848426406107,0.2657163807847796,1034,1052,425,909,32225.28510004937,33967.51508117785,13714.559467975827,29974.795105356498,0.2798005070873827,0.2851342194858192,0.25871883808840224,10.265601826452542,1.6287508400875967,1480.5345136396254,14020.102473309502,5990.050201868918,2312.067227700514,11560.45791478455,13.55909330107302,43.50652734267981,5.693964070217603,17.63464353383959,5.44015818282474,16.85848701957438,12.717775483811387,38.567262508889335,109882.15475455954,33882.67781766348,30.83546904713163
SKY-1132,Restaurant 133,Burgers,Cafe,South Auckland,1.05,35.6575386725201,3026,0.6206758657268594,0.11007787704541572,0.11745422389991828,0.15179203332780658,1878,333,355,460,65094.38152018343,12632.391702115716,13775.675390178383,17023.5945572653,0.3679441807404142,0.3031281943826134,0.2447273724366888,9.897606188004865,1.8172931777131842,835.9548617480648,21411.340306269416,1063.6505702426866,1058.7768001350482,4763.575662841764,11.401139673199902,32.89276248769723,3.1941458565846443,8.420025244028356,2.982469859535347,7.68584312671829,10.355599267047312,27.982196396992865,108526.04316974283,28297.343339488914,26.074242193857337
SKY-1133,Restaurant 134,Italian,Cafe,Albany,1.01392096101826,36.28476776553015,2577,0.27888626252125515,0.33424511960519737,0.19014430420644596,0.19672431366710155,719,861,490,507,25306.754844151626,34416.70259584848,18793.134107497277,19109.609341944957,0.25161202289003815,0.35025898626453533,0.26288169777017256,11.404337837197858,3.29459942137054,1670.3619066348638,10075.352767674696,4654.765862664573,2393.5093864211926,5937.727576124017,14.01300802180069,39.81289908454265,5.406232128530283,13.524729307525396,4.884713033512638,12.736084214214877,11.711494232986228,31.07194642169321,97626.20088944235,23061.35559288448,23.622096714590494
SKY-1134,Restaurant 135,Mexican,QSR,East Auckland,0.9909474293906972,34.162040716519854,2935,0.45348435912066853,0.26935385743935597,0.26083737540958496,0.016324408030390588,1331,791,766,47,45519.8822174705,28289.423122352295,26544.727640760513,1632.3314785644868,0.339139253422423,0.38690165117217007,0.3003110704374475,15.029904591791706,4.744116413394269,222.97347142953063,12470.585755258886,-745.4821717910587,-938.6562671896571,224.21858383976652,9.369335653838382,27.395909540540693,-0.94245533728326,-2.6351975032040564,-1.2253998266183512,-3.5361307145164,4.770608166803543,13.736093850064693,101986.3644591478,11010.665900117938,10.796213747307789
SKY-1135,Restaurant 136,Cafe Fare,Cafe,South Auckland,1.015342740357061,36.69066541054572,2854,0.5431116705648873,0.19520922069340285,0.0982264622370295,0.16345264650468036,1550,557,280,467,57165.70162531548,21736.038275847437,10831.682123315759,17901.567729459304,0.27818711573029525,0.47085688186029845,0.26090317476977376,9.598343732656268,3.2937249993143976,1538.1695746798237,14346.07595481807,-216.21211916140007,-192.52521665543608,2954.3362995665143,9.255532874076174,25.095600240940623,-0.3881725658193897,-0.9947172360367518,-0.6875900594837003,-1.7774267603460736,6.326201926266626,16.503226668269832,107634.98975393797,16891.674918567747,15.69347937616145
SKY-1136,Restaurant 137,Indian,Cafe,East Auckland,1.01570665575239,42.40722636428231,2472,0.3433057074630965,0.18945296144123927,0.33519181208473975,0.13204951901092446,849,468,829,326,33998.71068087447,21505.43290150978,37359.92421314594,14553.596198279292,0.32456071919324786,0.3670741940487141,0.2501310118882518,8.604358701950154,2.513103449348747,819.2717244876916,10484.015368769293,1252.3489896936853,1895.2743543328043,3668.5492298361555,12.348663567454997,30.83650867580381,2.6759593796873617,5.823407486978626,2.2862175564931295,5.073014451313873,11.253218496429925,25.207166530220874,107417.66399380949,17300.18794263194,16.105533577446774
SKY-1137,Restaurant 138,Burgers,Cafe,Waitakere,1.0171511423846662,35.16072731613825,2401,0.6206346249500376,0.20821589486243136,0.13151479413308345,0.03963468605444757,1490,500,316,95,52106.097946003196,19687.15132112723,11828.517483259058,3369.0944804406136,0.349379737824129,0.4402433403614365,0.26204673588084515,14.280518681629024,3.666183966850284,348.28747685077695,10961.92049364158,-1017.2314482599344,-704.1660309452097,360.4922492463209,7.356993619893679,21.03769218144345,-2.0344628965198686,-5.166981406641064,-2.228373515649398,-5.953121614283602,3.7946552552244306,10.699974469079757,86990.8612308301,9601.015263682759,11.036809071479913
SKY-1138,Restaurant 139,Cafe Fare,Cafe,West Auckland,1.0032991793711723,34.37826457020272,3357,0.5095941254650787,0.23855916554538817,0.1146601102159183,0.1371865987736149,1711,801,385,460,58846.04278815895,29073.996074397975,14115.493976552245,16367.463666174162,0.33335767951432593,0.4455520959502485,0.21912579261996462,12.386426455968973,2.6605013644132534,1223.8306276300966,13010.284813055325,57.11388579853444,-65.06313730499407,2394.855589399769,7.603906962627309,22.109022453542558,0.07130322821290193,0.19644319154609735,-0.16899516183115343,-0.4609341863137967,5.206207803042976,14.63180635830034,118402.99650528333,15397.191150948634,13.004055307216476
SKY-1139,Restaurant 140,Seafood,Cafe,Manukau,1.0286934171371471,40.01127726178594,807,0.507402510614062,0.18590554878529333,0.13904676501819027,0.16764517558245434,409,150,112,136,16258.987418889159,6039.52998321063,4936.446280509548,5526.400114122201,0.34091218209962443,0.3537987241617846,0.28588126409175924,7.876570558656972,2.5217147826357937,342.953210438468,4963.6915342198245,117.21416906108482,53.46858338907162,1344.1964720387448,12.13616512034187,30.528909373859104,0.7814277937405655,1.9407829646831798,0.47739806597385376,1.0831391724078987,9.883797588520181,24.32318406703445,32761.363796731534,6478.570758708726,19.775033783407597
SKY-1140,Restaurant 141,Kebab & Grill,Cafe,Waitakere,1.0278676106292912,31.550303306310298,1479,0.4225219968323289,0.2436610428526519,0.1558255763618301,0.17799138395318923,625,360,230,264,19237.763674894264,11396.000993098642,7376.728526224334,9428.6331201537,0.24817829099664196,0.4116283147959129,0.1985309362462036,9.01815257030657,1.9415408943047363,512.5667960964504,6544.560121522974,1614.385511611104,1001.0702301153844,2694.991907785371,10.471296194436759,34.01933942074452,4.484404198919734,14.16624579612416,4.352479261371236,13.570652987385548,10.208302681005193,28.58306048651768,47439.12631437094,11855.007771034834,24.989936982552617
SKY-1141,Restaurant 142,Asian Fusion,Cafe,East Auckland,0.9975839157027104,39.63670516234401,1628,0.4004496457603191,0.17982497220440627,0.13342283253900705,0.28630254949626766,652,293,217,466,25424.833401887325,11957.588484373262,9177.684066146501,19143.23716807539,0.35011468680335844,0.3529530370792597,0.2522351418253794,9.683833205785795,4.308448844246356,2007.7371614188019,7549.453651927641,534.4699382945337,340.76814393253153,3676.5078231526873,11.578916644060799,29.693227611738187,1.8241294822339034,4.469713429200244,1.5703601102881637,3.7130080037241053,7.889501766422075,19.205256618164302,65703.34312048247,12101.199557307393,18.417935804449108
SKY-1142,Restaurant 143,Asian Fusion,Cafe,South Auckland,1.0304879509754232,38.43072337165032,2164,0.40115320556643524,0.20807470069515313,0.21527505414932133,0.17549703958909027,868,450,466,380,33180.878518180565,17768.943822885045,19907.279558263468,16090.464594852032,0.2616288098414331,0.46254951258549337,0.30037540835322973,10.26634530611744,0.89,338.2,9152.005576232921,-436.29386287483914,-668.1876996343672,4099.898937482232,10.543785226074794,27.582167757307353,-0.9695419174996425,-2.4553730780156213,-1.4338791837647364,-3.356499303075311,10.7892077302164,25.48030178565478,86947.56649418111,12147.422951205946,13.97097519919537
SKY-1143,Restaurant 144,Seafood,QSR,North Shore,1.05,33.3807415423437,3135,0.3751477536687565,0.24757824806169068,0.1419717072004488,0.235302291069104,1176,776,445,738,39362.684750195636,27815.53375596862,14715.02918413316,25427.620603504576,0.3116793794507192,0.41450903367861525,0.28212193131730867,4.251900521713101,3.697859200279269,2729.0200898061007,10777.959174940814,-231.15666647932852,-246.82993464709884,4233.357057984716,9.164931271208175,27.381158687066552,-0.2978823021640831,-0.8310344446643136,-0.5546740104429188,-1.677400238616239,5.736256176131052,16.64865590058887,107320.86829380199,14533.329631799103,13.541941900817097
SKY-1144,Restaurant 145,Kebab & Grill,QSR,North Shore,1.022579404986556,40.6707596500269,2320,0.46610676475305063,0.3058365120324208,0.07045435541579657,0.15760236779873205,1081,710,163,366,44762.78269386152,29813.12298461842,7074.731365014717,15635.302980296896,0.3116210784148752,0.2866661371718151,0.2936128229194556,3.6013038726945394,2.436255062202463,891.6693527661014,17981.782074039023,3222.7974466487876,702.4612327130892,5389.231742594684,16.634395998185962,40.17127844133097,4.539151333308151,10.809996149385409,4.3095781148042285,9.929157680627043,14.724676892335202,34.468355038504974,97285.94002379154,27296.27249599558,28.05777740269581
SKY-1145,Restaurant 146,Sushi,Cafe,Albany,1.0149401225689725,35.38672872976218,1760,0.4363182796075277,0.2176091370193853,0.1758869335093412,0.17018564986374568,768,383,310,299,28058.24078544114,14256.385661157972,11371.217645455776,10444.622492406328,0.32183051514913114,0.3813067256507693,0.26739817309124764,5.894134922991412,2.489659268548387,744.4081212959677,8329.446777866824,420.0585029141904,243.82893675049291,2356.2113306031956,10.845633825347427,29.68627592000995,1.0967584932485388,2.9464586108851885,0.7865449572596546,2.1442640916114475,7.880305453522394,22.559085618616265,64130.46658446122,11349.545548134703,17.697587671823822
SKY-1146,Restaurant 147,Burgers,Cafe,East Auckland,1.0178699517838872,46.65325231620113,1840,0.3379700739176439,0.3402975268932935,0.11235599868365977,0.20937640050540282,622,626,207,385,28762.0786217321,30637.045678311068,10093.45530576752,18358.758414753065,0.31516305042270853,0.4853678513276716,0.3167898472394207,5.6234154494603015,4.592315156117812,1768.0413351053576,5737.145886461572,-3594.361145814195,-1280.0968613006853,1893.9636508680574,9.223707212960727,19.94690982496199,-5.741790967754305,-11.732074898980082,-6.184042808215871,-12.682444440698347,4.919386106150799,10.316403800738899,87851.33802056377,2756.6515302147495,3.1378594706997944
SKY-1147,Restaurant 148,Asian Fusion,QSR,West Auckland,1.0292288515045285,33.053187913241985,4897,0.41419843561464814,0.23207605659637873,0.16096884621653335,0.19275666157243976,2028,1136,788,945,66114.5550701422,39890.6801942094,26666.005333208872,32747.717310089338,0.26202855096638744,0.3573138275817309,0.3069879678707917,6.746615951096241,2.1858689077999487,2065.6461178709515,25167.009276349774,2938.7325910214527,1718.89109163479,10400.022061366268,12.409767887746437,38.06576214518817,2.5869124920963493,7.366965358108995,2.1813338726329823,6.446001454496619,11.005314350652135,31.75800610127441,165418.9579076498,40224.65502037229,24.316834980201563
SKY-1148,Restaurant 149,Sushi,QSR,South Auckland,0.9940399259173918,29.79,4471,0.42290356717553124,0.2740023600605254,0.14951974808022234,0.15357432468372098,1891,1225,669,686,57072.52226745252,41342.64279776762,20990.118092637633,22549.836765170636,0.23925596644669278,0.4013400521066548,0.287845640169907,11.221487247315014,2.21993084597159,1522.8725603365106,20512.091734125162,2958.410942605237,1320.7606145236355,6581.628554037918,10.84721932000273,35.940398144665245,2.415029340902234,7.155834127674543,1.974231112890337,6.292297207164821,9.594210720171892,29.187034135003483,141955.1199230284,31372.891845291953,22.100570844012612
SKY-1149,Restaurant 150,Burgers,QSR,East Auckland,1.0224658605446595,34.293662240178264,3032,0.3989193575603007,0.26198727917119663,0.15801111322618794,0.1810822500423147,1210,794,479,549,42255.74767619192,30128.47252418921,18622.091574171125,19747.482141373017,0.3392556905982796,0.40821151864174016,0.30710183109254174,8.408747952863417,2.7696057610804696,1520.5135628331777,10670.961886318297,-1644.08183233095,-1187.7560188236248,3466.3732128106226,8.81897676555231,25.25327907599803,-2.0706320306435138,-5.456904033256143,-2.4796576593395088,-6.378209526533768,6.31397670821607,17.553494607538912,110753.79391592526,11305.497247974345,10.20777424252979
SKY-1150,Restaurant 151,Sushi,Cafe,East Auckland,1.0141430407580578,33.479770158661175,2164,0.48709490158724844,0.24663175811590854,0.2525028679304258,0.013770472366417178,1054,534,546,30,34828.01999823248,19319.987640625837,18452.202597861942,1100.1607965381502,0.30836255598835116,0.29743639705847796,0.3000169421761431,9.68738111753566,3.313847385812238,99.41542157436714,13729.241946609214,1819.6357402355852,1571.824980849216,334.2691162378061,13.025846249154853,39.420104695317086,3.407557565984242,9.418410477702777,2.8788003312256705,8.518359651174345,11.142303874593535,30.383660033119046,73700.3710332584,17454.971783931822,23.68369594239221
SKY-1151,Restaurant 152,Asian Fusion,Cafe,Manukau,1.0477173751943407,34.8426254391833,1653,0.3956164682857973,0.23964947273205817,0.21494365831951878,0.14979040066262583,654,396,355,248,23327.39974870635,14647.050330201451,12532.59753095133,9208.07082247039,0.3517219578431018,0.405749556444946,0.25242145946612443,4.714938064852085,2.4581442177071304,609.6197659913684,5657.558936651126,-144.90288449272217,-218.88955523523356,1623.5997069107862,8.650701737998663,24.252848571195223,-0.3659163749816216,-0.9892973754172196,-0.6165902964372776,-1.7465617538155953,6.546773011737041,17.632354683336356,59715.118432329524,6917.366203833956,11.58394454441695
SKY-1152,Restaurant 153,Kebab & Grill,Cafe,West Auckland,1.0173874089929256,39.66753986006506,1160,0.3363909749582478,0.1942696673853152,0.24854620036990355,0.22079315728653337,390,225,288,257,15924.97611005506,9484.54472291833,11514.761450894208,11265.965530914009,0.2979870179615459,0.2724315393575762,0.21624404353234666,7.384252289776692,1.3261410694641145,340.81825485227745,6841.0742120159675,2023.4081032953234,2381.8293024559853,4498.831471110805,17.54121592824607,42.958144268087786,8.992924903534771,21.333739914853123,8.270240633527727,20.68500778425608,17.50518082144282,39.932941910446395,48190.24781478161,15745.14308887808,32.67288259108828
SKY-1153,Restaurant 154,Asian Fusion,Cafe,Manukau,1.0450183141667928,40.33344477233052,2324,0.3418625912423298,0.20521059848726825,0.11343667589755876,0.33949013437284314,794,477,264,789,33265.733432999245,21030.39867920294,12022.655214548218,33020.855215479234,0.23676760376953676,0.32620631255190224,0.286814485033705,11.055401816106942,2.0343018191182347,1605.0641352842872,14537.993202918631,3159.0098057417417,1702.4941098102488,12825.910899253387,18.309815117025984,43.7026083678561,6.622662066544532,15.0211598644856,6.4488413250388215,14.160716409384483,16.255907350131036,38.84184953889676,99339.64254222965,32225.40801772401,32.43962550401253
SKY-1154,Restaurant 155,Seafood,QSR,South Auckland,1.00344388953327,31.386895658932115,2651,0.19280830763879275,0.32030355211609407,0.22972973146819994,0.25715840877691315,511,849,609,682,16894.362543930616,29401.937585022377,19907.998722444143,24308.68853295983,0.34347583564518475,0.44530060772459346,0.29184356923325716,11.082333603618807,4.181333856464519,2851.669690108802,3568.4873435294257,-2370.3845786581646,-1779.2837500081368,2282.897958839261,6.983341181075197,21.122355663022173,-2.791972413024929,-8.062001260303543,-2.9216481937736236,-8.937531968003315,3.3473577109080073,9.391283926090498,90512.98738435697,1701.716973702385,1.8800804424630964
SKY-1155,Restaurant 156,Indian,Cafe,Albany,1.0288088875020418,42.147101609194884,2345,0.44132537503913544,0.18162177016517006,0.20756453033986874,0.1694883244558257,1035,426,487,397,42488.399519075414,18739.199767185906,21736.126469348277,17076.821588215553,0.2833333225652502,0.39497294032158503,0.31361887964554264,6.463991601342322,2.9747767891355115,1180.986385286798,13668.252025248566,151.31636717732547,-28.98966579632699,4312.520169441033,13.206040604104896,32.16937371131648,0.3552027398528767,0.807485746762221,-0.0595270344893778,-0.1333708921744059,10.862771207660034,25.25364657095812,100040.54734382515,18103.098896070598,18.095761545419
SKY-1156,Restaurant 157,Pizza,Cafe,North Shore,1.0247910039568684,42.86153258368876,1360,0.41248960950960656,0.2884800578722515,0.14543649850221582,0.15359383411592611,561,392,198,209,24055.345386082252,18170.376013406927,8859.048416961916,9041.74226894863,0.31539015558394595,0.34868655345774313,0.2325471489981883,9.565818352328437,3.351087283703822,700.3772422940988,8080.750787231569,1878.3833702307604,854.0098532174119,2336.9545766879896,14.404190351571424,33.59232909583108,4.791794311813164,10.337614196012257,4.313181076855615,9.639972749017693,11.18160084539708,25.846286115825436,60126.51208539972,13150.098587367731,21.870715814498272
SKY-1157,Restaurant 158,Italian,Cafe,North Shore,1.0069642912820282,44.03246737756582,1905,0.3804011065923262,0.2499605580803944,0.2731230859915228,0.09651524933575667,725,476,520,184,31934.339568319123,20932.94531532901,23405.722411168936,8033.900288421093,0.2708643257184216,0.40125227148716314,0.2337427576289135,16.695967487188163,2.638578792826962,485.49849788016104,10470.739923652813,1970.6409771992414,2039.302265331583,2148.684066398381,14.442399894693535,32.78834027944153,4.1400020529395825,9.41406451655018,3.9217351256376594,8.712836243663439,11.677630795643376,26.745217008669936,84306.90758323816,16629.36723258202,19.724798013927224
SKY-1158,Restaurant 159,Italian,QSR,South Auckland,1.022660941719554,36.223536309928036,3397,0.1,0.6187145895023789,0.20675730726890726,0.07452810322871387,340,2102,702,253,12279.766116373561,82878.03455475223,26715.472736298427,10385.648996983025,0.37399357696051605,0.3657935426571408,0.28839601065231085,8.938407247605266,2.24050230382673,566.8470828681627,3195.353311563064,-2335.762444375468,-984.0647211460404,2135.6325572767837,9.398097975185483,26.021288038234314,-1.1112095358589287,-2.8183130269967718,-1.4018015970741315,-3.683501058953703,8.441235404256062,20.563303823354453,132258.92240440723,2011.1587033183391,1.5206223268391923
SKY-1159,Restaurant 160,Mexican,Cafe,East Auckland,1.0381877825524741,43.72640059075994,2638,0.3077414277275248,0.1912215750579465,0.2224665590592451,0.27857043815528365,812,504,587,735,34814.25857243451,24473.007397729252,29731.309572061175,34477.90650058533,0.26055458291175615,0.37088049516462834,0.26715332044587653,6.573845688501441,4.577569449875411,3364.513545658427,12831.314492577887,2481.846873180277,2776.8151755317413,9342.833371819523,15.802111444061437,36.85649219236155,4.924299351548168,10.141160147773897,4.7305198901733245,9.339700186436268,12.711337920842888,27.098029782234338,123496.48204281027,27432.809913109428,22.21343430948891
SKY-1160,Restaurant 161,Kebab & Grill,QSR,Manukau,1.015143124435701,29.79,3571,0.44087565862628497,0.26299158031096714,0.16292594575956826,0.13320681530317968,1574,939,582,476,44799.743996159305,29897.262540532014,19343.46357488996,14557.727785433513,0.28481566106522216,0.41597729687040963,0.1945695355771549,8.391831637232439,2.7118081429489194,1290.8206760436856,13404.398886331765,3128.3750030348383,1911.1423335761242,3064.953993814142,8.516136522447118,29.92070420643682,3.3316027721350783,10.463750648721332,3.2837497140483234,9.880042041989867,6.438978978601138,21.053793826815063,108598.19789701479,21508.87021675687,19.80591817661103
SKY-1161,Restaurant 162,Indian,Cafe,South Auckland,0.9946205602624536,36.66479249576046,1542,0.36018365999431823,0.21574907548278285,0.2344492232892944,0.1896180412336046,555,333,362,292,20405.537744890695,14073.272410389261,13616.184204768691,11669.251630591803,0.30483519162137923,0.31908425815386077,0.28500432655016766,9.322619876343916,2.456630120472873,717.335995178079,7674.125862730602,1281.7405058820825,1123.6904959440712,3671.2425787660645,13.827253806721806,37.60805502247601,3.8490705882344822,9.10762236745924,3.104117392110694,8.252609387808736,12.572748557418029,31.460822810107476,59764.24599064045,13750.799443322821,23.008404465566763
SKY-1162,Restaurant 163,Seafood,QSR,Albany,1.0197365576028383,30.358577923441608,3856,0.3724532509891157,0.25143279634342175,0.1794476159171475,0.1966663367503152,1436,970,692,758,42590.02584122707,30765.624164863373,22812.79706949684,24565.27560645725,0.25085179528108686,0.37282354838882836,0.19590308340044182,8.470910667583077,3.9961423663553397,3029.0759136973475,16027.676837789204,5550.782303986881,3981.8478115962776,6215.44298655649,11.161334845257105,37.63246563300847,5.7224559834916295,18.04215729296429,5.754115334676702,17.454448042762962,8.199792858253945,25.30174334751894,120733.72268204452,31775.749939928854,26.318868692230367
SKY-1163,Restaurant 164,Seafood,Cafe,South Auckland,1.0064636535781124,38.500748616735045,1880,0.29483831130222693,0.3272951193775547,0.22770421029193988,0.1501623590282785,554,615,428,283,21384.440452128958,25778.13905294567,16918.935685459794,12188.434669087877,0.3148733787864418,0.3481412263775343,0.23218973792506498,8.890258547632243,2.1776396411326147,616.2720184405299,7206.24410910812,2701.437015995488,1655.1788821086873,3491.0524509551315,13.00766084676556,33.698539483602396,4.392580513813801,10.4795656910959,3.867240378758615,9.782996477320705,12.335874385000464,28.642336327314332,76269.9498596223,15053.912458167426,19.7376718955168
SKY-1164,Restaurant 165,Seafood,QSR,North Shore,1.0148648859200418,31.599913279373702,3711,0.46948349341233075,0.11536763813272395,0.17315368616665594,0.24199518228828934,1742,428,643,898,53735.75632183199,14587.363066096856,20094.126503855194,27754.894122255784,0.372535971486037,0.25900776377798207,0.3240672549144043,3.9479362107210614,2.3052726562260033,2070.134845290951,19799.27605710509,647.5186024118774,696.6029262554173,8156.329771138047,11.36583011314873,36.845626473598095,1.5128939308688725,4.438900982157662,1.0833638044407734,3.4666992174144484,9.082772573650386,29.386996524687664,116172.14001403982,29299.727356910433,25.22095861655768
SKY-1165,Restaurant 166,Sushi,QSR,CBD,1.018776183454723,33.302137063811124,3293,0.3270375105950791,0.3187706295431916,0.1861153299514676,0.16807652991026173,1077,1050,613,553,34683.177981494504,37624.33811028981,22471.563020963476,18957.249329731574,0.277929202768783,0.305568097062549,0.34299516071228464,5.6307933371991705,2.910246684016898,1609.3664162613447,14445.637279722954,2765.6725181624374,1420.6001843151298,6286.379117342528,13.41284798488668,41.650270016866806,2.633973826821369,7.350753945638338,2.317455439339527,6.321768463501481,11.367774172409634,33.16081889308326,113736.32844247937,24918.28909954305,21.90882143003688
SKY-1166,Restaurant 167,Cafe Fare,QSR,Albany,0.9944152167597673,41.90513449685701,2405,0.3661036356835181,0.37975105314639507,0.2363525636385685,0.017792747531518258,880,913,568,44,37135.72159085942,41145.18297290765,26334.749976423896,1883.4665979650147,0.31778142685642763,0.4797744512944683,0.22137374526112155,8.47732667024976,2.9002701040881798,127.61188457987991,7517.908546694351,-778.8628188956945,-673.4015666872259,253.68485687726707,8.543077893970853,20.24441218491041,-0.8530808531168615,-1.8929623412017453,-1.1855661385338485,-2.5570835769851112,5.765564929028797,13.469039331589954,106499.12113815598,6319.329017988697,5.9336912365604855
SKY-1167,Restaurant 168,Pizza,QSR,North Shore,0.9957651249101899,33.28717685503441,3094,0.5493201812693516,0.18237036941736268,0.16848161951164942,0.09982782980163633,1700,564,521,309,56844.41198281452,20356.316621092872,19108.82772164147,9885.13586571997,0.2,0.3969306320209664,0.25682433850349223,8.421562104921472,3.159611347903214,976.3199065020932,22912.241211052857,2977.010124265181,2647.3427122188673,3008.075559280533,13.477788947678151,40.30693679790337,5.27838674515103,14.624502947554141,5.081272000420091,13.854029932043666,9.734872360131176,30.430290490108945,106194.69219126884,31544.669606817435,29.70456334107722
SKY-1168,Restaurant 169,Cafe Fare,QSR,Albany,1.0272310025328828,35.7379277321989,3537,0.4764796090530463,0.24918564700272022,0.17859301610520475,0.09574172783902875,1685,881,632,339,61264.911375612,35071.84659810584,23517.05052545293,13113.605044813223,0.29824818597818215,0.27734881890190277,0.27170490092314825,7.018337537989998,4.991669089395488,1692.1758213050705,26001.01188356589,5355.404135492122,3399.317859875051,3873.277436533289,15.430867586685988,42.44029951199151,6.078778814406495,15.269809419676683,5.378667499802296,14.454694716907241,11.425597157915307,29.536328288804704,132967.413543984,38629.01131546635,29.05148734256483
SKY-1169,Restaurant 170,Burgers,QSR,West Auckland,1.012159219557455,33.02446881431821,3698,0.3124090940841648,0.37988859120901436,0.21105889352412943,0.09664342118269138,1155,1405,780,358,40644.54067663654,52668.37319299614,27132.791198850453,12167.796887362298,0.28591309713332075,0.26217519369061126,0.34124907710326274,8.38045244873247,3.2362482463523703,1158.5768721941486,18367.743845855035,5828.420804529728,2724.8148908713365,4340.193016080987,15.902808524549814,45.19117091760679,4.1483422096297,11.06626320728052,3.493352424194021,10.042515975970728,12.12344417899717,35.669505796803634,132613.50195584542,31261.172557337086,23.573144586548743
SKY-1170,Restaurant 171,Pizza,QSR,CBD,0.99,34.317995809418704,3208,0.28661018336166766,0.3093291417551024,0.3065110758111182,0.0975495990721118,919,992,983,314,31800.594847001154,36763.863746762334,36770.38661187016,11525.690928574919,0.26316760789153265,0.36214852699225913,0.25028524208702396,9.213551993949718,0.89,279.46,11915.169790268968,4573.374027329783,4298.092909323839,4039.0304252532706,12.965364298442838,37.46838651162083,4.610256075937281,12.43986230291843,4.3724241193528375,11.689006576657356,12.863154220551817,35.04371625339663,116860.53613420855,24825.667152175858,21.24384156826459
SKY-1171,Restaurant 172,Burgers,Cafe,West Auckland,1.031772660549122,38.0252700578315,3396,0.39070094896324215,0.23878672381030416,0.19888530976707003,0.17162701745938366,1327,811,675,583,51193.843355065525,34311.29833079539,27609.022775140216,25148.007847078105,0.34866527113328394,0.47928305732235377,0.2509246390786689,12.11294709783584,3.2262989434315608,1880.9322840206,8807.986322019267,-2706.2339193047337,-2385.43907925257,2445.8245020799272,6.637517951785432,17.20516715443623,-3.336909888168599,-7.887296753430661,-3.533983821114919,-8.640070670666667,4.195239283155964,9.725718700871578,138262.17230807923,6162.137825541891,4.456850143950626
SKY-1172,Restaurant 173,Mexican,QSR,East Auckland,1.0240855463291136,35.88296107708727,3955,0.3858908423628882,0.13659406434733276,0.1961036438653518,0.28141144942442725,1526,540,776,1113,52987.26494749565,20383.023018166834,29077.452248554386,40970.93497817351,0.28531903432692773,0.3569269305636953,0.3319490223385145,8.652758926708822,2.937879994489599,3269.8604338669234,18956.40784437622,525.9841692925795,460.7770712380166,11387.656876778563,12.422285612304206,35.7754035109377,0.9740447579492213,2.5805012770862503,0.5937848856160008,1.5846542100707073,10.231497643107424,27.79447645713998,143418.6751923904,31330.825961685376,21.845708670545402
SKY-1173,Restaurant 174,Mexican,QSR,South Auckland,1.0092918776394528,38.89429164929814,3133,0.3305298279174216,0.34417399415882916,0.24132324546135583,0.08397293246239346,1036,1078,756,263,38738.82792755336,46566.89074020539,29264.036572519002,10466.044350144688,0.29201351308078854,0.46148996873828113,0.2550084338912697,10.396861218543886,2.9434500243514576,774.1273564044334,9548.986202552085,-396.3734488732142,-472.97029672042004,1805.7161350334293,9.21716814918155,24.649651818093027,-0.3676933663016829,-0.8511915710339435,-0.6256220856090212,-1.6162168727077542,6.865840817617602,17.253090801286987,125035.79959042244,10485.358591991882,8.385885183554299
SKY-1174,Restaurant 175,Indian,QSR,Waitakere,1.0002475468341263,40.91905478993398,3788,0.3044280269496875,0.30513571046843113,0.36146000522010135,0.028976257361780042,1153,1156,1369,110,49419.99130995043,49644.859576642346,59634.440440147926,4702.504620883616,0.2830263206344918,0.39463515395730603,0.29888806835865833,7.104398944981277,3.1459473093961705,346.05420403357874,15929.967124535584,1164.1946472326842,863.734202891108,1169.7442011873025,13.816103317029995,32.233852540820216,1.0070887951839829,2.345045704954379,0.6309234498839357,1.448381499878404,10.63403819261184,24.874918697421798,163401.7959476243,19127.640175846678,11.705893478660247
SKY-1175,Restaurant 176,Seafood,QSR,East Auckland,1.032537118444715,35.3004043440185,4557,0.4720463125638138,0.18411414199153792,0.1140191903523873,0.22982035509226095,2151,839,520,1047,73827.54274622623,33278.48710938883,20249.84398679047,39897.43194583593,0.21374328577057156,0.40298753204921256,0.21091428139550292,11.002335032594686,2.8713217123252006,3006.273832804485,28295.821930721057,5735.710344004061,3362.030412463839,12285.182280166871,13.154728931065112,38.32691821802159,6.836365129921408,17.235490078471297,6.465443100891998,16.602747234284788,11.733698452881443,30.791912363795802,167253.30578824144,49678.74496735583,29.702698391058313
SKY-1176,Restaurant 177,Mexican,Cafe,South Auckland,1.0252402593384065,40.47609692134953,3674,0.40972110973999465,0.2730982371823309,0.2520406388401749,0.0651400142374996,1505,1003,926,240,59008.72248564297,47435.1891792787,37934.25185875717,9882.625810714013,0.24906061019653675,0.2764995643486801,0.263150690236307,10.315056041643249,2.847387906944611,683.3730976667066,27996.08799639819,10022.540100614617,7715.622533589779,4005.338167003385,18.602051824849294,47.44398254547832,9.992562413374493,21.12891352184762,8.332205759816176,20.339461451138696,16.68890902918077,40.52908856127178,154260.78933439284,49739.58879760597,32.24383137946021
SKY-1177,Restaurant 178,Pizza,QSR,Manukau,1.05,29.79,2502,0.5469630183733587,0.17742376302376522,0.07279528871033297,0.20281792989254308,1369,444,182,507,40734.673435634904,14220.309828557421,5885.615313615328,15326.481303554678,0.3432492068754097,0.43562660452248303,0.20361612646694383,12.030359511129369,3.513044209770786,1781.1134143537884,9007.42161142658,248.9700680596585,67.09353285346006,1607.9423280201067,6.579562900969014,22.112418860210724,0.5607433965307624,1.7508062135163427,0.3686457849091212,1.1399578341155099,3.1714838816964632,10.49126864916591,76167.07988136234,10931.427540359804,14.35190578053743
SKY-1178,Restaurant 179,Kebab & Grill,Cafe,Albany,1.026302828980874,37.63091768185439,1798,0.42816683073769557,0.22710776724035608,0.21256600910835696,0.13215939291359136,770,408,382,238,28897.40467718291,15235.166413911706,15428.147802408206,9693.13892748528,0.20505222089040126,0.3465547573908475,0.22778264876177184,11.497111618555707,2.357919202805499,561.1847702677087,12957.394603031618,3361.0357446347066,3298.181509567056,3785.151083367071,16.82778519874236,44.83930217187512,8.237832707438006,22.061037295697933,8.633983009337843,21.377689349412616,15.903996148601138,39.049797095491165,69253.85782098811,23401.76294060045,33.79127701606292
SKY-1179,Restaurant 180,Italian,Cafe,South Auckland,1.0258155471189303,41.94921575251107,3365,0.5806786554802255,0.2042839876160515,0.2030354568139682,0.012001900089754838,1954,687,683,41,79749.44719841299,30492.841126895648,31230.102568731018,1814.7637008955016,0.26551580926729323,0.4304164717527636,0.30356805420609057,11.060574680084011,1.9523136643608243,80.0448602387938,24249.232499532856,15.236198565793693,-268.80926194599,471.76619878010115,12.41004733855315,30.406771897994318,0.022177872730412943,0.04996647738526039,-0.39357139377158123,-0.8607376852330095,11.506492653173199,25.996012513767297,143287.15459493516,24467.425634932762,17.07579838827899
SKY-1180,Restaurant 181,Kebab & Grill,QSR,North Shore,1.0174960810483715,37.63706828135204,2612,0.3721587480439564,0.19849939450806853,0.25042506400392195,0.1789167934440532,972,518,654,468,36248.52320397314,22016.347051537723,26950.055828579454,16878.06802775116,0.2820125974669606,0.31300810126097206,0.2680037843565315,8.655539069697769,5.31,2485.08,14679.901599289362,3015.7005179762127,3474.8163195018474,4350.188196701084,15.102779423137203,40.497930127206736,5.821815671768751,13.697551691553583,5.313174800461541,12.893540338483989,9.295273924574966,25.774207033343167,102092.99411184147,25520.606633468506,24.997412266615505
SKY-1181,Restaurant 182,Pizza,Cafe,South Auckland,1.0322516380080118,38.88876087773921,1540,0.5066664515924503,0.2736676734214209,0.18108424948697768,0.03858162549915114,780,421,279,60,31451.961705151276,18044.144446143742,11199.565219103113,2312.2891539602947,0.3784629840281204,0.3823934543256939,0.25723577037788103,9.857287294655638,2.1841425562187666,131.048553373126,7521.534142929317,-326.4584277044933,-289.05273525924815,421.9205104607844,9.642992490935022,23.91435616461857,-0.7754356952600792,-1.8092208731695314,-1.0360313091729325,-2.5809281843031773,7.032008507679739,18.24687495238882,63007.96052435842,7327.94349042636,11.630186772341933
SKY-1182,Restaurant 183,Seafood,Cafe,Waitakere,1.0293762780187223,41.7228546301854,2084,0.3547850053634048,0.20016594056245943,0.1896642080220224,0.2553848460521134,739,417,395,533,30087.64895966616,18963.533047945446,16403.425474121927,24463.209009185994,0.3345871694473366,0.3946402067756342,0.24005001504076331,12.722281249580343,3.0001429124600762,1599.0761723412206,8146.911652091009,582.6092060892757,385.8267468224542,5024.89111708193,11.024237688891759,27.077262377702922,1.397144379110973,3.0722608736265893,0.9767765742340613,2.3521108285042973,9.427563071448274,20.540604935334,89917.81649091953,14140.23872208467,15.725736315575055
SKY-1183,Restaurant 184,Indian,Cafe,North Shore,1.038775875128478,40.06122017777404,2673,0.34316166996713293,0.25204847987734014,0.23193271464361323,0.17285713551191378,917,674,620,462,35200.19452388906,30250.776149946534,25798.17250978252,19546.175178983747,0.2749273262826105,0.35921766783968934,0.26117375707034873,6.71773900709022,1.4043397491246326,648.8049640955802,12878.167374433622,3166.6890247680453,2498.4507460736504,6502.261070898075,14.04380302555466,36.585500587770014,4.698351668795319,10.468124880735141,4.029759267860727,9.684603609524094,14.074158162117044,33.266155712598824,110795.31836260186,25045.568216173393,22.605258585210528
SKY-1184,Restaurant 185,Seafood,Cafe,Albany,1.0121801562204407,43.04128628468915,2333,0.4613735359513489,0.3459568797284822,0.17494249211914212,0.01772709220102679,1076,807,408,42,47622.03790644659,38186.14986750075,19239.048565771354,1824.929484216919,0.3587031163701998,0.39831816351603094,0.28204452668402774,6.800572774560971,3.016468415051422,126.69167343215972,11571.141819717795,-1491.772744386686,-914.3770002637528,316.72735694074834,10.753849274830666,24.297872011376924,-1.8485411950268724,-3.906580657025849,-2.2411200986856685,-4.752714237077932,7.541127546208294,17.355594267065978,106872.16582393562,9481.719432008105,8.872019537461767
SKY-1185,Restaurant 186,Seafood,Cafe,East Auckland,1.0134688879058407,39.21530845921987,1977,0.5089697918218783,0.27632011801014233,0.13326674712077582,0.08144334304720356,1006,546,263,162,40033.24257117627,24167.41885179573,10708.8426674959,6563.691485280974,0.2666767880774496,0.3513522047365244,0.3093166482584705,9.635009892826266,1.9667744493106647,318.61746078832766,15291.537985834691,1755.868323610937,678.6713992438533,2188.5223867027885,15.200335970014605,38.19710071860259,3.2158760505694817,7.265435892755545,2.580499616896781,6.337485947980132,13.509397448782645,33.34285884110386,81473.19557574888,19914.60009539227,24.44313120979387
SKY-1186,Restaurant 187,Pizza,Cafe,East Auckland,1.0128134524363204,36.50606707460165,1962,0.42362308518004166,0.2649952804758445,0.18502415889409118,0.12635747545002265,831,520,363,248,29771.810067940038,21199.949751217046,13678.914267187873,9420.438351023471,0.3454094911680302,0.3245658172871104,0.16499413263612794,10.453478915929088,2.457527057149989,609.4667101731973,9825.432434404049,3498.6395562803705,2189.7306489310763,2499.5105508406878,11.823625071485017,33.00246915448594,6.728152992846867,16.503055890873142,6.032315837275692,16.00807349296476,10.078671575970516,26.532847599062432,74071.11243736843,18013.31319045618,24.31894512950311
SKY-1187,Restaurant 188,Cafe Fare,QSR,West Auckland,1.031862025817685,35.4105332791187,2837,0.22422459984246723,0.276134909641819,0.28691131248200563,0.21272917803370806,636,783,814,604,21452.134957521244,31632.217274198392,28453.667761232206,22872.914073643617,0.2388505239334643,0.4823838367955775,0.23672955302948762,6.115627252575985,3.945064665771124,2382.819058125759,5980.11811516028,1329.6946133471395,994.0061103623267,3993.3634556032007,9.402701438931258,27.87656392709582,1.6982051256029878,4.203608624147059,1.2211377277178461,3.4934199650585946,6.6115289000052995,17.45891862639724,104410.93406659545,12297.182294472947,11.777676738941487
SKY-1188,Restaurant 189,Asian Fusion,Cafe,Albany,1.042475616604451,29.79,1828,0.29757674703396053,0.2789131462970199,0.1919570276372777,0.23155307903174185,544,510,351,423,15843.744377854866,16626.378120927173,11816.715043927017,12420.588482264291,0.3482966024305121,0.443426700645301,0.2763638496875602,8.738331028053421,3.3720095683780738,1426.3600474239252,3299.8827459307686,-1132.0427470211757,-902.5378681631278,1160.5590955166817,6.065960930019795,20.827669692418695,-2.2196916608258346,-6.808715276337329,-2.571332957729709,-7.637806825400012,2.7436385236800986,9.343833403496756,56707.42602497335,2425.861226263147,4.277854588559219
SKY-1189,Restaurant 190,Cafe Fare,QSR,CBD,1.0131173926027606,35.60812009281721,4783,0.21155772380323826,0.3605763598706408,0.21238412927319641,0.21548178705292453,1012,1725,1016,1030,35976.27861724636,68562.1141312833,39543.422786130344,36909.69998505057,0.28172398595380566,0.3167394678466276,0.2660454753615086,8.671004290199253,3.468409524574819,3572.4618103120633,14445.790661082428,9289.554262568736,5042.1702365181545,11248.131642947343,14.274496700674336,40.153654619956676,5.385248847865934,13.549107083805817,4.962765980824956,12.75097065772129,10.920516158201304,30.474730619601736,180991.51551971058,40025.646803116666,22.11465365555091
SKY-1190,Restaurant 191,Indian,QSR,West Auckland,1.0136283940831037,29.79,3493,0.1809140098354557,0.3716621709655504,0.17526446226308953,0.27215935693590443,632,1298,612,951,19485.673044732834,41285.781138864855,19886.822527387652,29772.818227697953,0.25371730915764285,0.4097911013916229,0.286135049701069,3.0,1.128795161608137,1073.4841986893384,6556.765094339481,2079.0090790152303,830.7220605268234,8944.81872917654,10.374628313828293,33.64915894507343,1.6017019098730587,5.0356539749665306,1.3573889877889271,4.177248825863322,9.405697927630431,30.043574178191452,110431.0949386833,18411.314963058074,16.672219879084718
SKY-1191,Restaurant 192,Indian,QSR,South Auckland,1.024711158358047,29.79,3876,0.34985368235023784,0.28665790291461996,0.25295405486994704,0.11053435986519518,1356,1111,980,429,39139.050670363984,34948.17071890733,32075.930739468695,13240.071321855216,0.29022853741156585,0.31801248017091927,0.28070161144506217,8.231421037594341,4.736895169829013,2032.1280278566464,15333.074663409348,3881.2519603383007,3292.155576004802,3154.7888403286743,11.307577185405124,39.17589824175149,3.4934761119156623,11.105737097245271,3.3593424244946957,10.263632262910082,7.35382014062628,23.827581918845897,119403.22345059522,25661.271040081127,21.491271590920526
SKY-1192,Restaurant 193,Indian,Cafe,South Auckland,1.0163135774998064,39.89742812395213,2082,0.5212539529537222,0.2139596267469948,0.19366825206910843,0.07111816823017454,1085,445,403,149,43178.946816519594,20386.806335162073,17414.291334088815,6318.487097479792,0.31248048808740964,0.2870720749436373,0.2578052854802637,8.449387585030369,1.7081186890581248,254.5096846696606,17290.898583694005,2908.0179176307593,2349.327092080629,2275.7122790375215,15.936312058704152,40.0447436968953,6.534871725012942,14.264215148868931,5.829595761986672,13.490799292428141,15.273236772063903,36.016727484419775,87298.53158325028,24823.95587244291,28.435708393067415
SKY-1193,Restaurant 194,Cafe Fare,QSR,South Auckland,1.0342808047970984,36.00562321652054,3179,0.3387925791767672,0.2833686980327732,0.2467401577721707,0.13109856501828898,1077,901,784,417,39563.48013121357,35316.90825097603,29646.23252756899,14876.508752618505,0.27773632062634296,0.4423666608979283,0.24892587216051293,8.438974700119433,4.428560814293865,1846.7098595605419,11073.700129250408,1093.8051328420288,696.7863766602923,2317.1805856254587,10.281987120938169,27.989701847572867,1.2139901585372128,3.097114631521575,0.8887581334952708,2.350337015040033,5.556787975121004,15.576104744452207,119403.12966237709,15181.472224378187,12.714467591683018
SKY-1194,Restaurant 195,Kebab & Grill,QSR,North Shore,0.99,29.79,2836,0.13656267183959325,0.2640409709956696,0.3855394880022326,0.21385686916250457,387,749,1093,607,10705.140353337485,24816.08946602893,34300.80875202609,19064.142800101457,0.3249279077697896,0.2507130262046816,0.26017994041057996,13.95569996102044,3.9215438659814863,2380.377126650762,4542.823362014496,4074.283869714974,5363.745317479124,5709.664706577603,11.738561658952184,42.43590660255289,5.439631334732943,16.41791256149489,4.907360766220608,15.63737274026315,9.406366897162444,29.9497583838242,88886.18137149396,19690.517255786195,22.152506668602367
SKY-1195,Restaurant 196,Burgers,QSR,North Shore,1.0075994242962465,31.00917142410846,1576,0.3228315585698906,0.26974932121845324,0.24295907358594857,0.16446004662570762,509,425,383,259,16273.17639250787,14298.43996408716,12385.984471275922,8703.307127855833,0.27376527523511696,0.43487991395035785,0.31594969399290973,4.744705955218937,3.47733274178468,900.6291801222321,4741.2682291905285,-351.66846054986854,-422.0322812253332,1635.1212215749126,9.314868819627756,29.135481081452518,-0.8274552012938083,-2.459488317838454,-1.1019119614238464,-3.407337399817184,6.313209349710087,18.787355169180902,51660.90795572678,5602.688708990239,10.845122415950808
SKY-1196,Restaurant 197,Cafe Fare,QSR,CBD,1.0082637549905784,39.756272152179356,2404,0.32534809030306533,0.3652986458313185,0.26257526114551644,0.04677800272009976,782,878,631,113,29986.55428732869,36879.57073009978,29235.20634669662,4759.637593058481,0.3279167577269111,0.3523094381198859,0.24071968268377145,6.113821000783855,2.0450152190916184,231.08671975735288,9588.914537905634,2915.482064237801,2100.038865866509,1290.9206997655522,12.262039051030222,31.977380415320294,3.320594606193395,7.9054121469431555,3.3281123072369394,7.183253098891839,11.424076989075683,27.12224774525372,100860.96895718358,15895.356167775497,15.75967029874879
SKY-1197,Restaurant 198,Pizza,QSR,East Auckland,0.99,31.96707344739476,2123,0.5286398875202896,0.14761422977551567,0.1792977236803054,0.14444815902388938,1122,313,381,307,36224.28744070735,10810.545166649083,13181.050504863806,10261.056311369104,0.319899992791647,0.35519173778436297,0.2674877310742418,3.0,3.0515898448195227,936.8380823595935,11769.570543477399,620.7473233232587,651.0899372228698,2397.063966229452,10.489813318607307,32.490826942398996,1.9832182853778233,5.742053834974819,1.708897473025905,4.939590641752095,7.808025948630137,23.360791457440296,70476.93942358934,15438.471770252982,21.90570688301707
SKY-1198,Restaurant 199,Cafe Fare,QSR,West Auckland,1.005545423334468,43.42026531209254,1838,0.2088575878372399,0.34101754500944903,0.2696577250797713,0.1804671420735398,384,627,496,331,16796.77315054701,30966.23598898693,22429.09406029333,14891.87015207132,0.2972584625381429,0.39868258537363027,0.27733368855993684,7.316791668390508,2.4290785893551403,804.0250130765514,5107.209242618988,827.5808172848925,412.8131478581749,3723.9814199961966,13.300024069320282,30.40589520882268,1.3199056097047728,2.6725263528289966,0.8322845722947074,1.8405252871491862,11.250699154067059,25.00680829182643,85083.97335189859,10071.584627758253,11.837228835215784
SKY-1199,Restaurant 200,Kebab & Grill,Cafe,East Auckland,1.0062726582623112,37.991936616659345,1623,0.3848390157660724,0.2263943795400373,0.182652256657366,0.20611434803652431,625,367,296,335,24517.56421240807,15368.153396387997,12129.741900285351,12811.37471536622,0.2801377959435323,0.41068391683959765,0.33241403719497836,7.615247560558997,2.929039571505292,981.2282564542728,7580.298509921957,-357.0905699436872,-402.8065443502227,2979.7706349361715,12.12847761587513,30.91782872168701,-0.9729988281844338,-2.323574997810829,-1.3608329201021037,-3.3208171093957626,8.894837716227377,23.25878917086216,64826.83422444764,9800.17203056422,15.117462001358007
SKY-1200,Restaurant 201,Cafe Fare,QSR,East Auckland,1.0169834301822176,35.71375194290132,4161,0.49352674124901075,0.21980377486949065,0.2723697394854835,0.01429974439601504,2054,915,1133,59,74568.45552565022,33055.22318943726,41255.36271335638,2185.327457121732,0.306819335809437,0.31215597762197644,0.2579876696705475,7.2150798828301035,2.65012774091444,156.35753671395196,28412.422394564463,4067.0160541272458,4756.635512663001,676.3061726855823,13.832727553341998,38.102468656858655,4.4448262886636565,12.303701689803908,4.198266118855252,11.529738680792267,11.46281648619631,30.94758959265248,151064.36888556558,37912.380134040286,25.09683813180308
SKY-1201,Restaurant 202,Kebab & Grill,Cafe,Manukau,1.036694488374904,44.79087247369415,2371,0.4604980507211893,0.22180904130146747,0.16444283878664007,0.1532500691907031,1092,526,390,363,45423.31795774943,25241.952468267355,19567.80211028824,17728.716843808852,0.32476141843651646,0.42024079261250447,0.30835226624043843,12.87687068819316,0.89,323.07,11582.84564604341,-1346.7711797097818,-1225.0431370795627,4197.713596109239,10.60700150736576,25.49977889509791,-2.5604014823379884,-5.33544772894593,-3.141136248921956,-6.260504527667249,11.563949300576416,23.677481191060632,107961.78938011389,13208.744925363304,12.234648018714944
SKY-1202,Restaurant 203,Seafood,QSR,East Auckland,1.0163240902321395,34.55031388801236,4139,0.3906981766164782,0.3642036859150178,0.17268358783061985,0.07241454963788414,1617,1507,715,300,54552.53950110395,59944.67953708365,25532.45475553706,10730.34826588399,0.39278096187292233,0.37793593766176564,0.3192791761306009,12.01216132817937,4.021784150984588,1206.5352452953764,12507.97539506952,-5394.785915350874,-2542.3801636680696,1253.7522741790892,7.735297090333654,22.9283100465312,-3.5798181256475607,-8.999607566528889,-3.5557764526826148,-9.957445094920692,4.179174247263631,11.684171315904651,150760.02205960863,5824.561590229665,3.8634655996048517
SKY-1203,Restaurant 204,Indian,QSR,Manukau,1.0045377941959328,29.790155281098635,3567,0.35031259933214903,0.3252713995673317,0.25558766163990915,0.06882833946061019,1250,1160,912,245,37392.08731127624,37025.583000671526,29343.290933999306,7330.759055302117,0.34227391898091813,0.28207616449923734,0.2674498294003741,9.272498534935565,2.8188928434506386,690.6287466454064,14046.33447698366,4006.171306321845,2939.510890800384,2063.1702805059285,11.237067581586928,37.56499165198446,3.453595953725728,10.820008711947048,3.2231479065793684,10.017659223745927,8.421103185738485,28.14401980670337,111091.72030124918,23055.186954611814,20.753290067065933
SKY-1204,Restaurant 205,Seafood,Cafe,East Auckland,1.019145681881797,37.53914470288398,2909,0.44969491847915377,0.17544809187614754,0.20646645498632646,0.16839053465837223,1308,510,601,490,48813.988872405134,19297.75692742174,24876.66948379015,18767.76886057283,0.34391954774171285,0.35810878614941827,0.2615712408369295,7.702854312610482,2.415199600497763,1183.4478042439039,14545.185593730344,702.4465589526653,710.3107094164831,4408.815552287129,11.120172472270905,29.797166610886887,1.377346194024834,3.6400425271939376,1.181881380060704,2.8553288046831495,8.997582759769651,23.49142077058042,111756.18414418984,20366.758414386622,18.22427865656997
SKY-1205,Restaurant 206,Asian Fusion,QSR,Manukau,1.0357376043216202,33.85043490800162,2714,0.4099848577250682,0.30511028310083693,0.12362047131323321,0.1612843878608617,1113,828,336,437,38215.36123199103,32392.760001931016,12231.22128644372,15503.189903088643,0.4,0.4666895310891248,0.2568378531180714,12.591663838374023,2.3396727671702324,1022.4369992533916,5094.5077254352045,-4001.3929102900306,-1605.1339896604381,1044.3005163417006,4.577275584398207,13.331046891087517,-4.83260013320052,-12.352738420719621,-4.777184493037018,-13.123251980073835,2.389703698722427,6.736036408440358,98342.53242345441,532.2813418264363,0.5412524252827647
SKY-1206,Restaurant 207,Mexican,Cafe,East Auckland,1.0053606177582763,32.26808506075342,2741,0.347146231299651,0.2432107575360162,0.30179329199810884,0.10784971916622409,952,667,827,295,31446.678652797225,23832.118002397296,28387.688664363122,9757.62803573667,0.32321813145455297,0.4873616358771988,0.25976707463029675,8.93084749057452,3.258459576366768,961.2455750281965,5956.637187056484,-1676.5142387355347,-2218.209853335508,887.0465977912652,6.256971835143366,18.94202326682482,-2.5135146008029006,-7.0346841962048545,-2.6822368238639758,-7.813985420095748,3.0069376196314073,9.090801520026337,93424.1133552943,2948.959692776707,3.15652949422355
SKY-1207,Restaurant 208,Kebab & Grill,QSR,West Auckland,1.0063413767411782,32.92550530036854,3774,0.41902527210173796,0.2279165965682832,0.1978686879859974,0.15518944334398138,1581,860,747,586,53005.41662068117,30501.910141846944,26081.70085031101,20440.664330648848,0.3218089580090266,0.4202143920326074,0.30416959442307334,6.1360548637853976,2.0062436617055277,1175.6587857594393,13674.159809450819,-1408.973041249831,-1442.7883700086195,4097.555321184815,8.649057437982808,25.797664995836595,-1.6383407456393384,-4.6192944464707395,-1.9314436010824894,-5.531803229739962,6.992415223864871,20.046096618498435,130029.69194348797,14919.953719377181,11.474266758904207
SKY-1208,Restaurant 209,Asian Fusion,Cafe,North Shore,1.0283782343891135,34.88279320521077,2025,0.29642972848030147,0.3386859955023457,0.16808778580183442,0.19679649021551843,600,686,340,399,20795.134769943113,25488.44877294768,12544.982676848522,14766.046350960356,0.3316806783444744,0.2866759558282141,0.2792403990902206,3.0,0.89,355.11,7936.325226433646,2610.0927718762086,1179.551464696809,5280.253629342603,13.227208710722744,38.16433658273116,3.8047999590032195,10.240296673709098,3.469269013814144,9.402575476438436,13.233718369279707,35.759427431291954,73594.61257069967,17006.223092349268,23.10797285061051
SKY-1209,Restaurant 210,Mexican,QSR,Waitakere,1.016676958264038,37.88230258018722,3664,0.3695531175548384,0.2526990343283912,0.2956029327352798,0.08214491538149067,1354,926,1083,301,48451.53283242435,39404.04662592268,42541.7281165049,12264.14382684039,0.2545965310085286,0.4043424831719122,0.2794115883667948,7.455399271365111,3.307129803208276,995.4460707656912,16524.927552295394,2429.235731688771,2266.072350234826,3187.3749130493547,12.204525518681974,34.106098581955926,2.623364721046189,6.16493974527645,2.092402908804087,5.326704980176061,10.589285425413138,25.98937975656893,142661.45140169232,24407.61054726835,17.10876365511224
SKY-1210,Restaurant 211,Asian Fusion,Cafe,West Auckland,1.029712270360642,38.145369871578076,2768,0.43608668669576944,0.3041103191554669,0.23265233811971123,0.027150656029052447,1207,842,644,75,45412.33076438937,33991.567929703284,25597.88175626471,3138.245457794305,0.280024426361156,0.4295602632701435,0.2249910595848066,11.64125266010413,3.4191029979568217,256.43272484676163,13188.436133506226,2223.872864770672,1501.9433993742666,654.961803791736,10.926624799922308,29.04153103687005,2.641179174311962,6.542425078389388,2.3322102474755693,5.867451899634968,8.732824050556479,20.87031790853197,108140.02590815166,17569.2142014429,16.246726458494887
SKY-1211,Restaurant 212,Mexican,QSR,East Auckland,1.0197952981230705,32.812257853580206,2943,0.28453362206271027,0.2665462792330827,0.15993950440519344,0.2889805942990135,837,784,471,851,27806.91211710972,28964.34211108211,17296.505380141472,30152.464436157294,0.27722238299884494,0.42079955883231057,0.23130039690499063,16.967885413400815,2.700368175322367,2298.0133171993343,8397.077324796506,2047.1319604574392,1102.4558915211842,6807.369342236587,10.032350447785552,30.197805816884447,2.6111377046651008,7.0677661263853855,2.3406706826352104,6.373864935670415,7.9992589215471055,22.576494059548704,104220.2240444906,18354.034519011715,17.610818521342416
SKY-1212,Restaurant 213,Mexican,QSR,North Shore,1.0305249547213435,33.554035891385176,2570,0.33795832522069175,0.2569419124230422,0.349371496568085,0.05572826578818107,869,660,898,143,28204.584403682966,24397.607761420906,31808.60071718589,4810.84856873455,0.3291426289748803,0.4249468002081543,0.35,9.215636211663165,1.752097124809991,250.54988884782873,6935.80545036496,-2539.533065317874,-3644.929399293393,932.488628803666,7.981364154620207,24.591057081696547,-3.8477773716937484,-10.408942918303449,-4.058941424602888,-11.45894291830345,6.520899502123538,19.383038469842102,89221.64145102432,1683.8316145573594,1.8872457255582447
SKY-1213,Restaurant 214,Seafood,QSR,South Auckland,1.0044738282893904,34.937112477305895,2530,0.2839713862601002,0.27521484208230773,0.29778179144963884,0.1430319802079532,718,696,753,363,25559.909654737923,26499.51838880262,27059.206443388102,12731.107538227025,0.29216214470004603,0.39542841554732716,0.26288697098845243,6.321255697078935,2.988935540889285,1084.9836013428105,7985.157055364432,1312.3215716751436,1126.63332129843,2892.334572105139,11.121388656496423,31.240943975262685,1.8855194995332523,4.952246876417442,1.4961929897721513,4.163585963452087,7.967863835000383,22.71864064788141,91849.74202515566,13316.446520443145,14.498077214845154
SKY-1214,Restaurant 215,Mexican,QSR,East Auckland,1.019818730238176,36.59061963869708,3356,0.24354688058244298,0.2976159841722395,0.2639873034490941,0.19484983179622342,817,999,886,654,30709.216135306662,39691.117437260655,33694.926299774765,24814.94659227257,0.3062200541463436,0.3649311362818619,0.2390091201768656,4.852621771005252,1.4354676316864112,938.7958311229129,10098.68916897854,3565.8376623011445,2785.5398722767814,7221.56981533358,12.360696657256476,32.884880957179455,3.569407069370515,8.983968939492893,3.14395019444332,8.266941578962294,11.042155680938196,29.10169396690297,128910.20646461465,23671.636518890045,18.362887755817702
SKY-1215,Restaurant 216,Asian Fusion,QSR,Manukau,1.0168396497845527,29.801208639588598,3513,0.308174673254772,0.3524904794813502,0.3204487022203798,0.018886145043497973,1083,1238,1126,66,32397.546798759297,39587.197895410965,37046.499209552305,2010.058653702451,0.3489354579066809,0.3274142752867187,0.3272439666235719,10.931842137069596,1.8727694033123405,123.60278061861447,10485.47466529777,-142.26450583115277,-496.8312979543316,526.9532389490998,9.681878730653528,32.365026680660044,-0.11491478661644004,-0.35936998169714957,-0.4412356109718753,-1.3411018815678688,7.98413998407727,26.215814049926962,111041.30255742502,10373.332100461384,9.341868171167043
SKY-1216,Restaurant 217,Burgers,QSR,East Auckland,1.001761636138438,29.79,2785,0.24064102281655042,0.38945975076981865,0.27787206223385397,0.09202716417977698,670,1085,774,256,18124.77295542933,36259.81547245688,25064.018516796983,7584.043487271256,0.33884178324168623,0.23714451370489523,0.2812723419473421,3.0,2.149302063495839,550.2213282549347,7685.152097834043,5175.775413993667,3366.177662270575,2665.5170349011128,11.470376265423946,42.40137030534186,4.770299920731491,14.27413611060765,4.349066747119606,13.430319084765625,10.412175917582472,35.14638384358958,87032.65043195443,18892.622208999397,21.707511049281898
SKY-1217,Restaurant 218,Burgers,Cafe,West Auckland,0.9965478307819697,42.639652704690626,2417,0.44905177176839234,0.34213576188805345,0.1912846478338765,0.017527818509677644,1085,827,462,43,44490.13789525575,36863.44908786156,21323.019346572262,1874.451503259362,0.29272255486314386,0.39377492366993455,0.2931261966745809,10.92620785491711,3.743939070891556,160.9893800483369,13947.77041057372,751.1416115801845,246.97470087874456,426.65589259093474,12.855087936012644,31.350252146692164,0.9082728072311784,2.037632479234075,0.5345772746293173,1.1582538892103311,9.922230060254297,22.761639436872628,104551.05783294892,15372.542615623583,14.703383145281745
SKY-1218,Restaurant 219,Seafood,QSR,Albany,1.03028623552912,32.26818513674013,3671,0.23649230552628725,0.5167148423137504,0.21681327114133203,0.029979581018630186,868,1897,796,110,29593.680679980473,62138.467269823086,26962.021714513732,3624.109026399165,0.26985022064048,0.3830236990556532,0.2644781169887387,11.861990621920192,2.5373890495630826,279.11279545193906,10272.738376205893,5135.617763374626,2014.4302395648956,978.9099654758659,11.834952046320153,34.712608030386676,2.7072312932918425,8.264796331512809,2.5306912557347934,7.471361980546592,8.899181504326053,27.011051774247786,122318.27869071646,18401.69634462128,15.044109957719595
SKY-1219,Restaurant 220,Kebab & Grill,Cafe,East Auckland,1.0147357142667304,32.04926321109313,2802,0.4840779320691946,0.17898796431225897,0.21059167196315745,0.12634243165538903,1356,502,590,354,42746.24460006239,17771.25099530508,20477.279147655314,11494.360437096755,0.35108736292439346,0.4090303089977371,0.25725307637692785,10.526978086315024,2.452133588223539,868.0552902311329,10254.06867124902,-308.69992799883624,-513.7409536203822,1889.2386511857935,7.561997545168894,23.988232807786943,-0.6149400956152117,-1.7370748299058436,-0.870747379017597,-2.50883405903663,5.336832347982468,16.43622245469603,92489.13518011953,11320.866440815595,12.240212235489695
SKY-1220,Restaurant 221,Pizza,QSR,Waitakere,1.00466579577529,35.86401337940904,4309,0.23366688388640616,0.35024635317898933,0.3047402543495949,0.11134650858500955,1007,1509,1313,480,33965.33783882484,59814.774221637876,48702.61897572388,17685.866294555428,0.33482510314094394,0.2763719414694974,0.2632165451001084,8.23118414821505,4.854692515411246,2330.252407397398,13205.823732539902,7511.922776769448,5731.807035732515,4546.064676550335,13.114025553664252,38.88029553895586,4.978080037620575,12.558641028945027,4.365428054632533,11.7689913936447,9.470968076146532,25.704506642967416,160168.59733074202,30995.6182215922,19.35186967866581
SKY-1221,Restaurant 222,Seafood,Cafe,Manukau,1.01855731594615,39.94615318533729,3230,0.36903345759770945,0.20972063938453214,0.22176455755162103,0.19948134546613744,1192,677,716,645,49380.333915615476,29726.52630531447,30020.51895692423,28010.403673979992,0.2277184431767078,0.4151511682520542,0.21469047318805495,10.977292287413851,3.2524624971887137,2097.8383106867204,17635.21783906123,4234.243891564955,4082.766597377136,7905.528037438984,14.794645838138617,35.713038857123784,6.2544222918241585,14.243991538318296,5.702187985163597,13.599920118754131,12.256632616184472,28.223541971952198,137137.78285183414,33857.75636544231,24.688860838608402
SKY-1222,Restaurant 223,Mexican,QSR,East Auckland,1.0369202828602395,29.79,2649,0.28378569326063385,0.2666031889868501,0.19409505448189363,0.2555160632706224,752,706,514,677,22411.05579090626,23057.288682417216,16824.771779968465,21135.271157817904,0.28590807274912733,0.5138181566234544,0.2664829036232041,9.59828429894905,3.238994510474826,2192.799283591457,4488.346646986233,-1526.6030928963894,-1248.4589735053885,2040.0411644176543,5.968546073119991,20.027377062741824,-2.1623273270487102,-6.620913299578585,-2.428908508765347,-7.420362010448195,3.0133547480319858,9.652306559895003,83428.38741110984,3753.32574500211,4.49885927496939
SKY-1223,Restaurant 224,Asian Fusion,QSR,Albany,0.99,34.96382320494715,4394,0.45926320559873546,0.2092606778001738,0.19628366332432123,0.13519245327676957,2018,919,862,595,72895.83365176797,34290.31283010761,33001.13228884299,23692.50251287307,0.3074481957907543,0.3754915091544538,0.28184132308170473,6.276566553487928,2.530299254791225,1505.5280566007789,23112.37452589459,1207.6695665119544,883.2334695364499,6006.423780717158,11.453109279432402,31.7060295054792,1.3141126947899395,3.5218971973087267,1.0246327952859047,2.676373228063611,10.094829883558248,25.35158022017147,163879.78128359164,31209.701342660155,19.04426592359933
SKY-1224,Restaurant 225,Mexican,QSR,North Shore,0.9975504196514501,37.089448988199166,2955,0.36972609510549326,0.21699354414238892,0.21619663138715756,0.19708372936496024,1093,641,639,582,40875.59464638465,26425.15890712519,24191.31064182701,22596.725676235335,0.3350473372704464,0.3656834276555421,0.34401852935375016,15.47644312831259,2.303628332363222,1340.7116894353953,12232.807943018895,-1182.5072123238012,-1332.2118522279218,5421.793118868829,11.191956032039245,29.926923507401153,-1.844785042626835,-4.474929427973862,-2.0848385793864193,-5.506985016035115,9.315795736888022,23.99371128610396,114088.7898715722,15139.881997336002,13.27026258616531
SKY-1225,Restaurant 226,Cafe Fare,QSR,Albany,1.006156703371571,35.57242309716631,3979,0.3209439577710045,0.2341461781625032,0.14711923545078315,0.2977906286157092,1277,932,585,1185,46050.89929867958,35745.36174151901,21346.323877036673,43350.36479345752,0.3409545672722897,0.39163016492599906,0.27343996260020864,7.769122171363193,0.89,1054.65,12314.713568466037,-215.3548949545367,-303.7132265066884,10537.899410544318,9.643471862541924,26.741526780171128,-0.231067483856799,-0.6024694798497376,-0.5191679085584416,-1.4227893676503622,8.8927421186028,24.308675280478166,146492.94971069277,22333.544857549132,15.24547420313086
SKY-1226,Restaurant 227,Sushi,QSR,Waitakere,1.041917683000805,36.65432223179786,3344,0.38488474969627506,0.2679267104758358,0.12475691531781467,0.2224316245100744,1287,896,417,744,47687.85188734286,34829.737880876084,16268.403367224328,28366.156653330225,0.3127757700528963,0.5122635917297237,0.1766329183115878,11.715133051574682,3.8687405319235584,2878.3429557511276,8343.497001425394,-58.2450773446666,-113.41139400624013,2084.617916089707,6.482903653011184,17.496063821737994,-0.0650056666793154,-0.1672280094207862,-0.271969769799137,-0.697126764355549,2.8019058011958426,7.3489614457338535,127152.1497887735,10256.458446164193,8.066287878893382
SKY-1227,Restaurant 228,Italian,QSR,East Auckland,1.0242388047437894,29.79,3032,0.15035268874032806,0.27896313679263923,0.3453946638163891,0.2252895106506436,456,846,1047,683,13868.485458789892,26904.11156421973,35215.06952652603,21369.1820797536,0.3263361389111485,0.2983446566810076,0.26624058268861517,3.0,3.348309705756379,2286.895529031607,5205.108928734773,2934.663408005449,3559.9408287953984,5733.368887987867,11.414712563014854,37.53192044078438,3.468869276602186,10.907862171922867,3.4001345069679068,10.10914042385702,8.394390758400977,26.83008112612786,97356.84862928925,17433.08205352349,17.906374640272453
SKY-1228,Restaurant 229,Italian,QSR,Manukau,1.0315097586069184,35.39036865098402,2125,0.3361179769323183,0.3546542053116694,0.06638820230676816,0.24283961544924407,714,754,141,516,26995.15600630507,30975.86230480009,4907.094475147223,19309.821823606428,0.3028861561070169,0.38422448533757336,0.35,13.467648089733252,2.7208340067865864,1403.9503475018785,8446.49704691601,-1149.5341194304335,-233.62991559096403,4637.88741670559,11.829827796801135,31.288935855540977,-1.5245810602525645,-3.7110641444590198,-1.6569497559642838,-4.761064144459021,8.988153908344167,24.01828177946071,82187.93460985881,11701.220428600203,14.23715109054047
SKY-1229,Restaurant 230,Pizza,QSR,East Auckland,1.0028975862131067,32.72899701022413,3188,0.5197762760024286,0.1720279736538488,0.17794260421971397,0.13025314612400862,1657,548,567,416,55811.73500086194,18125.62371864556,19877.386557323996,15290.872081321673,0.2696766740318748,0.3140239804391649,0.3046546493994016,14.140673106291036,2.762773298163744,1149.3136920361176,23234.38875369459,2023.6297522269049,2037.5326350642747,5216.266347985146,14.021960623834998,41.62993455289603,3.69275502231187,11.164469612955868,3.5935319842403435,10.250505664757664,12.539101798041218,34.11359613920906,109105.61735815318,32511.81748897092,29.798481761252226
SKY-1230,Restaurant 231,Seafood,QSR,West Auckland,1.003206961870942,31.97228133335649,2286,0.3519111855762405,0.44558680948622487,0.18421419023974062,0.01828781469779396,804,1019,421,42,24487.001667090208,35837.454006156884,13527.070350040422,1351.1441847861927,0.28824310240314355,0.33170966954085035,0.23756444224765647,9.104418254943234,3.636144262261055,152.7180590149643,9306.217106980434,5106.220283075833,1830.9681396107217,360.78054311702033,11.574896899229396,38.00472280560061,5.011011072694635,14.248278580834963,4.349092968196489,13.535585254091995,8.590012931357627,26.70185367182784,75202.6702080737,16604.18607278401,22.07925067932149
SKY-1231,Restaurant 232,Sushi,Cafe,Waitakere,1.0267172057508407,41.65633355956285,3029,0.4261121852252402,0.23234511302991576,0.2759394138120465,0.06560328793279753,1291,704,836,198,54498.94789118553,29702.475884977648,36030.561215658214,8861.28710299362,0.3008546033988049,0.36652867844826426,0.29364426057722226,10.955698621582155,1.3452899269201468,266.36740553018905,18127.261190353725,1157.5784813207995,1086.794493215582,2681.044829278441,14.041255763248431,33.261671815293084,1.6442876155124992,3.8972457575708614,1.299993412937299,3.016312975839192,13.540630450901217,30.255704370222926,129093.27209481502,23052.67899416855,17.857382201325773
SKY-1232,Restaurant 233,Burgers,Cafe,North Shore,1.0208741149640317,44.21295294483177,3386,0.46933155416779765,0.2426225496353533,0.1595471552793421,0.12849874091750701,1589,822,540,435,72660.20301503052,39093.149932850094,24959.46520522962,20161.76356494228,0.29843943374916343,0.4643126269129491,0.2403194630044104,10.95480313562647,2.3101186684461945,1004.9016207740946,17238.48343718855,-120.0755352176766,-256.6109463315589,3778.4352384261624,10.848636524347736,23.724793933788753,-0.1460772934521613,-0.3071523666522885,-0.47520545616955356,-1.0281107556655207,8.686058019370488,18.740598887868067,156874.58171805253,20640.232194065477,13.15715520514454
SKY-1233,Restaurant 234,Mexican,Cafe,West Auckland,1.028231082282962,45.53635422932151,1882,0.500604471898291,0.16003922815693816,0.20772278158070473,0.13163351836406606,942,301,391,248,44442.950081443,14565.218423066524,18573.516133832476,11035.039214547542,0.21514921930004383,0.4960693420482116,0.21584769921812572,6.750257506257466,1.7636971371074694,437.3968900026524,12834.299062446777,1062.2958452616786,1234.364464354699,2749.3176099528037,13.6245212977142,28.878143865174454,3.5292220772813243,7.293373943361884,3.1569423640785144,6.645830845707507,11.085958104648402,24.91443443470836,88616.72385288955,17880.27698201596,20.177090965017584
SKY-1234,Restaurant 235,Seafood,QSR,East Auckland,1.0171849351360733,39.5221930603248,3496,0.1602279976399126,0.5211702102553284,0.2605884877039612,0.0580133044007979,560,1822,911,203,21849.173990165793,71764.52216922362,37396.234062160125,8591.2582120811,0.2821132499281756,0.40136995012386945,0.25606522547063715,10.91492806903769,4.671509282486746,948.3163843448095,6915.630632873368,4338.27835674195,1973.38497537349,1770.9611724696897,12.3493404158453,31.6516799947955,2.381052885149259,6.0451574477317855,2.1661745064473,5.276961771319871,8.723946662412265,20.613525152571356,139601.18843363065,14998.255137458498,10.74364430972519
SKY-1235,Restaurant 236,Mexican,Cafe,Waitakere,1.0241721558968193,37.539116437153226,1928,0.26859061663880757,0.4110155527743862,0.2643129308563948,0.056080899730411485,518,792,510,108,20124.841823998544,32572.117391896674,20299.16549816925,4421.962781914235,0.30252925438901185,0.343638369388356,0.27366105756955444,6.169793355446056,3.7756555318533005,407.77079744015646,7120.820603690014,2611.3496026312005,1460.7581326050347,1156.862801252598,13.746757922181494,35.38323762226321,3.2971585891808086,8.017131865307764,2.8642316325588917,7.1961486925991025,10.711692604190723,26.16174894063221,77418.0874959787,12349.791140178848,15.952074689032234
SKY-1236,Restaurant 237,Indian,QSR,South Auckland,1.0223717862735766,35.48142468471064,2891,0.35892621619775317,0.307517700783385,0.27161248262285026,0.061943600396011676,1038,889,785,179,37854.77357419151,33586.924048996174,28927.756295809213,6387.45892481881,0.28733835036424343,0.5444917206646963,0.19511377990266418,6.869350767241359,0.89,159.31,6366.034583187353,-904.9610748272577,-948.7512696694048,914.8685136923439,6.132981294014791,16.81699289710602,-1.017953964935048,-2.694385093160398,-1.2086003435279042,-3.2797264328683906,5.1109972831974515,14.32288683904602,106756.9128438157,5427.190752383034,5.083690234020686
SKY-1237,Restaurant 238,Seafood,QSR,South Auckland,1.031666510836274,37.22065606149383,3803,0.2756611094292241,0.22839835435676076,0.22001390226079987,0.2759266339532153,1048,869,837,1049,42017.65228735135,32216.397943029802,31200.472761915764,40592.294212011824,0.2888929292019786,0.34007118630693356,0.22403362837845459,12.944301001243046,1.3862383733600243,1454.1640536546654,15590.056780676388,4735.883181447777,4376.841234183124,13607.033732821606,14.876008378508004,37.103588449108784,5.4498080338869705,14.700225611263324,5.229200996634556,14.028124726127958,12.971433491726984,33.52122366317274,146026.81720430875,38309.814929128894,26.234780475649856
SKY-1238,Restaurant 239,Cafe Fare,Cafe,CBD,1.032105124229167,38.50894738705774,2375,0.5380822735997922,0.21759405339873225,0.20770384088812519,0.03661983211335039,1278,517,493,87,48107.10741509027,22170.458532483248,20716.235934871056,3253.0728733620613,0.3219596116862064,0.33002048599481837,0.2704134225272942,12.411301917450709,2.7676543266425138,240.7859264178987,16742.23082344816,1720.5712420734617,1439.6556976083236,891.3481772060736,13.100337107549421,34.80199023189751,3.3279907970473146,7.760647979168095,2.920194112795788,6.949407711586214,10.245381347196249,27.40019089350625,94246.87475580664,20793.80594033602,22.063125163792122
SKY-1239,Restaurant 240,Indian,QSR,CBD,0.9957019200841235,34.54920958922849,4431,0.31163430491032984,0.23256909664167125,0.1725252402930312,0.2832713581549678,1381,1031,764,1255,46986.17857526495,40514.46418983566,28774.23228008867,42910.391791824004,0.2514469265828115,0.2457539868794891,0.25367307296044184,6.527685742594726,2.427559787927575,3046.587533849107,23624.607667540444,10093.206955832315,6949.432343947505,18528.7182620548,17.10688462530083,50.279908653769944,9.7897254663747,24.912601357725762,9.096115633439142,24.151582138844436,14.763918933908208,43.180025836038155,159185.2668370133,59195.96522937507,37.18683670014805
SKY-1240,Restaurant 241,Pizza,QSR,CBD,0.99,37.45976315387996,2987,0.16589223378581938,0.49450855048246506,0.31471767838797854,0.024881537343737034,496,1477,940,74,18409.41137618771,63052.143959941124,38512.50814067929,2999.1098339997798,0.2267381003721955,0.46772640984713204,0.28579245084584365,6.432482797746358,1.5756177919231116,116.59571660231026,5624.728521397394,1244.8409331255457,430.1564250069838,799.7387754348435,11.34017847055926,30.55354897806724,0.8428171517437683,1.974303893482876,0.45761321809253597,1.1169265409453455,10.807280749119508,26.665871531896094,122973.1733108079,8099.464654964768,6.586367121301992
SKY-1241,Restaurant 242,Italian,Cafe,CBD,1.0350261809647727,37.751012886691086,3050,0.30587874748404026,0.3673530413393299,0.30601065415190715,0.020757557024722584,933,1120,933,64,34703.701371413066,46270.708608653935,35164.30550310916,2467.6317171842975,0.28433235941234963,0.4377771914659906,0.22141326690765756,6.740411891398148,4.844762237650489,310.0647832096313,9643.827160285935,2613.239241261947,1752.405576528465,375.6665029455655,10.336363515847733,27.789044912165973,2.33324932255531,5.647718221400217,1.878248206354196,4.983478420677242,5.869789108524461,15.223766996082444,118606.34720036044,14385.138481021912,12.128472734027675
SKY-1242,Restaurant 243,Burgers,Cafe,Waitakere,1.0378158763989291,34.936994867230624,2463,0.17252915823324821,0.38025918094652394,0.3442309725112995,0.1029806883089283,425,937,848,253,14451.766026403713,35415.15162884854,31758.402748826113,8800.591061762616,0.33438514824758053,0.5392463875281512,0.29856454994213205,11.564238482629218,3.212539913982579,812.7725982375924,1826.2474780850919,-6098.35048559235,-5753.130638706832,299.34457850317096,4.297052889611981,12.636846422426817,-6.5083783197357,-17.219608571786388,-6.784352168286358,-18.11530222161278,1.1831801521864465,3.401414477759146,90425.911465841,-9725.88906771092,-10.755643941045527
SKY-1243,Restaurant 244,Indian,Cafe,Waitakere,1.0046906547073,36.259213123489396,2917,0.39892870164453786,0.12403853594098614,0.3255669554530144,0.1514658069614616,1164,362,950,441,38707.702472643374,14873.228557167144,37444.4251485415,16776.691228793443,0.3759398867768987,0.2727333653447312,0.22264963611759223,5.50005326716361,3.3748163228630914,1488.2939983826234,13599.051227557342,1913.8440932941894,4568.1308506383,4405.806371188954,11.683033700650638,35.13267478783701,5.286862136171794,12.867711176077787,4.808558790145579,12.199762267725008,9.990490637616675,26.261473797809252,107802.04740714547,24486.832542678785,22.714626606484767
SKY-1244,Restaurant 245,Indian,Cafe,Waitakere,0.9921024689018156,40.662423586481715,2109,0.4030454285462055,0.20992409074408597,0.16336024095921176,0.22367023975049677,850,443,345,471,34112.32372810901,20666.75149007811,14291.598086296342,19517.871822593843,0.33519577075926327,0.4720719565235377,0.33570937207750523,10.248494236625834,2.2079850507677863,1039.9609589116274,6574.5456797832885,-2954.8721812516524,-2187.305942187991,2721.7628360598655,7.734759623274457,19.27322727171991,-6.670140363999216,-14.29770993603061,-6.340017223733308,-15.304838052263126,5.778689673163196,13.944977509838749,88588.54512707732,4154.130392403511,4.689241014675824
SKY-1245,Restaurant 246,Burgers,Cafe,CBD,1.021485522315108,38.01257182303981,2368,0.3817983561196292,0.32070824596137343,0.1311113419241218,0.16638205599487563,904,759,310,395,34744.13650186527,32467.87357703888,12495.25496561752,15332.789660008599,0.23392813080590186,0.3749094862856289,0.20136966862486735,11.61396383722003,3.6222741471780022,1430.798288135311,13590.599226166747,6162.165853203049,2296.023395035915,4566.812251907991,15.033848701511888,39.11623829084693,8.11879559051785,18.979271428360192,7.406527080761017,18.375162422485587,11.561550004830357,29.784614236372626,95040.05470453028,26615.600726313703,28.0046142745381
SKY-1246,Restaurant 247,Mexican,QSR,CBD,1.033962573395258,35.42888190284702,3225,0.43709911351267644,0.3215787294469938,0.14104409886682603,0.10027805817350367,1410,1037,455,323,49215.5606557734,38295.256310968565,17012.38035186699,12239.689957115648,0.28954347422804527,0.42642701517600956,0.2262978291846635,8.69114092397415,2.519567239017988,813.8202182028101,13978.671606764372,2210.84953690821,866.6573802347929,2662.6129301628525,9.913951494159129,28.402951059594518,2.131966766546008,5.773168141128164,1.9047414950215227,5.094274653574174,8.243383684714713,21.753924645901016,116762.8872757246,19718.79145407023,16.887892989067797
SKY-1247,Restaurant 248,Seafood,Cafe,West Auckland,1.0469639178365147,40.814332817249195,1857,0.5278667852865024,0.2629967545472696,0.1950703810465458,0.01406607911968214,980,488,362,27,42320.390138436494,21671.196562198027,16749.971241768933,1094.8578637953942,0.3115485471486688,0.254655600122687,0.28669483212127317,12.535222939027246,2.6166568262925005,70.64973430989751,18358.409727911967,3187.855132082281,2319.8739590124715,404.29506633188737,18.733071150930577,43.37958527286443,6.532490024758773,14.710102060737107,6.408491599481965,13.850017564373285,14.973891345625459,36.926717129324246,81836.41580619884,24270.433885338607,29.657254226302758
SKY-1248,Restaurant 249,Mexican,Cafe,East Auckland,1.0277444635815218,36.42566585583004,2830,0.40466504189795,0.17312263174718892,0.2380103282568485,0.18420199809801252,1145,490,674,521,41724.12351100928,19590.251867825224,27913.87701085322,19049.610207229834,0.30799160026156164,0.4727657275865708,0.3365693300599055,7.934914406785726,3.5110019598252595,1829.2320210689602,9147.708331748234,-2298.458779228633,-3556.8905454869478,2347.2554242155984,7.989264918557409,21.92426721518675,-4.690732202507414,-11.732665790803802,-5.277285675796659,-12.742373780983524,4.505288722102876,12.321802906627205,108277.86259691756,5639.614431248252,5.208464866214305
SKY-1249,Restaurant 250,Burgers,QSR,West Auckland,1.0144242495512146,37.17624228724519,3723,0.14787756992708295,0.4091510419803633,0.3069563698565105,0.13601501823604337,551,1523,1143,506,21277.47691630484,57050.59205256487,42213.08873459376,19679.56279126351,0.3242687048824293,0.42505617259322814,0.28260172144464685,8.2515053965213,1.2710024349397002,643.1272320794883,5333.734133003586,-1821.431370628139,-1705.6050995333464,4290.049581845984,9.680098245015582,25.067512252434256,-1.1959496852450024,-3.1926598920304308,-1.492217934849822,-4.040465056364373,8.47835885740313,21.79951672376836,140220.720494727,6096.747244688085,4.347964568415802
SKY-1250,Restaurant 251,Pizza,QSR,South Auckland,1.006603040676227,35.591138934525254,3686,0.3955553422443032,0.3333823707373362,0.14367909129230322,0.12738319572605736,1458,1229,530,469,52298.84847158898,48062.052285346785,21876.84994754899,18007.198923445914,0.25873279740926575,0.36727629756496477,0.29251431680729567,5.5796381910385024,4.4970278598509825,2109.1060662701107,19559.293671695144,3915.932042987961,1590.4723402047,4625.42255608849,13.4151534099418,37.39909050257695,3.18627505531974,8.147658821847386,3.000891207933396,7.270115871425498,9.862308221937079,25.68651890698031,140244.94962793068,29691.120610976293,21.170901832648322
SKY-1251,Restaurant 252,Seafood,QSR,North Shore,1.0201717693750598,29.79,4299,0.38998242056577176,0.1733465259847854,0.26028640580436707,0.17638464764507578,1677,745,1119,758,51196.395476952144,25986.864309578592,34114.748257323874,24602.39979596352,0.30292243893978343,0.4151578881362785,0.27070147606692235,12.560120716670719,3.0823892147238756,2336.4510247606977,14433.27106774693,291.5257595214079,105.65858041092145,4599.449478861298,8.606601710045874,28.191967292393805,0.3913097443240375,1.1218196857015696,0.09442232387034982,0.3097152575008033,6.067875301927834,18.6951253414552,135900.40783981813,19429.904886540557,14.2971645158284
SKY-1252,Restaurant 253,Pizza,QSR,Manukau,1.0155110294417211,40.05768012298223,4242,0.367845241314125,0.283969953707814,0.14383387022234467,0.20435093475571628,1560,1205,610,867,63013.47497377558,53366.64097867606,26859.8132974757,35195.305040810614,0.3189145273399258,0.31641532892704255,0.2289440618353923,6.317178435573954,4.180944208780424,3624.8786290126277,22979.13297580453,7243.245084073701,3461.095376674556,9209.798318947669,14.730213446028545,36.46701437330316,6.01099177101552,13.57260818976393,5.673926847007469,12.885776004257751,10.622604750804694,26.16769000373338,178435.23429073795,42893.27175550045,24.038566108312
SKY-1253,Restaurant 254,Cafe Fare,QSR,West Auckland,1.0047739814140677,31.89687207622095,3056,0.42833317743773036,0.272904731525404,0.26633669042352154,0.0324254006133441,1309,834,814,99,43467.5317176605,30297.97949612832,28529.819576483078,3402.5035460437957,0.3371551928986647,0.329439194009281,0.25039446607042487,10.224201362002708,1.8245802433811815,180.63344409473697,14492.319061924916,2515.0700304114216,2153.981779165827,953.7803367218836,11.071290345244398,33.34056130920543,3.0156714992942706,8.301114702162943,2.6461692618744803,7.549931303951668,9.634144815372562,28.031722048633156,105697.83433631569,20115.151208224048,19.030807333497922
SKY-1254,Restaurant 255,Indian,Cafe,CBD,1.05,31.04859955862223,2642,0.31516547131850636,0.2648860460572931,0.40102460578451943,0.018923876839681195,833,700,1060,49,25906.88702599326,23631.76016017431,33575.41948943179,1534.517454176182,0.26374268250242433,0.3375588770462222,0.22152361120074895,8.75039376505923,1.9768348759718068,96.86490892261854,10329.035454212915,4186.953071270123,5725.586769871129,514.9448069028065,12.399802466041915,39.86984404513535,5.98136153038589,17.717482925060455,5.401496952708612,17.052912091458204,10.50907769189401,33.5574421458281,84648.58412977554,20756.520102256974,24.520811913918088
SKY-1255,Restaurant 256,Pizza,QSR,Manukau,1.0467775260310819,29.79,2895,0.5207879847566624,0.126887585331137,0.18528498457884657,0.167039445333354,1508,367,536,484,45591.941679842974,11775.544767566704,17240.535356082324,16048.332151962684,0.2844679409740696,0.24030904968168051,0.21885160128892517,5.315259279109181,1.7380997784001877,841.2402927456908,21666.33972694251,3018.912992679587,4306.786761773726,6785.296407466098,14.367599288423415,47.52230093442498,8.225920960979801,25.63714080553247,8.035049928682325,24.980586001665696,14.01920745344235,42.28038367610847,90656.35395545469,35777.33588886192,39.46478578483493
SKY-1256,Restaurant 257,Indian,QSR,Albany,1.0370407302533315,29.79,3315,0.2536515022172319,0.31154839448382426,0.30474216233327556,0.13005794096566836,841,1033,1010,431,25328.726455697357,33704.23124703836,31763.755418235884,12770.787930273347,0.2,0.4303230945942357,0.2860699567727899,6.868138996618377,3.1502976726648386,1357.7782969185455,9363.445214011314,2817.907930585029,2383.070983459725,3363.2870647381924,11.133704178372549,36.967690540576434,2.727887638514065,8.360694863297446,2.3594762212472524,7.502484992979075,7.803450266213903,26.335783532709595,103567.50105124495,17927.71119279426,17.310170672094976
SKY-1257,Restaurant 258,Pizza,QSR,CBD,1.0061872440328632,34.21912793836164,2910,0.40743006344807686,0.2472613356444335,0.1781940895948294,0.16711451131266028,1186,720,519,485,40232.893412146754,25804.787843314378,19219.101034886968,18142.040228073376,0.27203421145900014,0.45341155299277963,0.22507288071648154,13.840052836642569,2.965983301918246,1438.5019014303493,11046.111294664976,1276.8558636327741,821.2162048131835,3542.472084673394,9.313753199548882,27.455423554822016,1.7734109217121863,4.948135483173862,1.5823048262296406,4.2729168410244185,7.304066153965761,19.526315894679243,103398.82251842145,16686.655447784327,16.138148425057206
SKY-1258,Restaurant 259,Pizza,Cafe,South Auckland,1.0328252898644592,36.8498278767058,3453,0.26813870750279833,0.31850073548619195,0.12366894628739562,0.28969161072361416,926,1100,427,1000,34537.516242379104,42214.9377280237,16824.153101182714,37356.16499018529,0.27640132981630305,0.3209059095165311,0.2827821602689345,9.705801399220682,2.4355881807688196,2435.5881807688197,13908.007762230722,5062.018528741271,1874.667188795153,12607.469027067023,15.019446827462982,40.269276066716586,4.601835026128429,11.991060039823138,4.39032128523455,11.142713559016332,12.607469027067024,33.74936648443283,130932.77206177081,33452.16250683417,25.549113472563057
SKY-1259,Restaurant 260,Italian,QSR,Waitakere,1.0295943961424685,32.58530573590951,3536,0.25627617814569537,0.2927690076321545,0.21547766283116368,0.23547715139098635,906,1035,762,833,31501.212757388104,38132.139687215415,27508.0076680402,30415.169076823706,0.25411869713246504,0.3943742111161373,0.2179270899111561,5.467973805216054,1.8859308071147205,1570.9803623265623,11072.89968299152,5093.6912895905825,3494.677513107695,9120.167264994781,12.221743579460838,35.15070917513977,4.921440859507809,13.358000184024155,4.58619096208359,12.704218914290685,10.94858015005376,29.985587921470174,127556.52918946742,28781.435750684577,22.56367112963208
